64621.259,,,"COGENS CHECK: filosofie: cogens vervullen eigen e-behoefte en exporteren elektric naar grid",,,,,,,
"Current grids",,,,,,,,"COGENS",,
,,,,,,,,"C4",,
"A","380 kV electricity grid TenneT",,,,,,,"C14",,
"B","150 kV electricity grid TenneT",,,,,,,"C15",,
"C","66/23/20/10 kV grid Stedin",,,,,,,"C23",,
"D","Natural gas grid GTS",,,,,,,"C29","enecal, voedt meteen in op substation TenneT150",
"E","H2 grid Air Products",,,,,,,"C30","eurogen, voedt meteen in op substation TenneT150",
"F","H2 grid Air Liquide","gtsgrid1a","gtsgrid2b",,,,,"C36","Air Products WKC, voedt meteen in op TenneT150",
"G","Steam grid Uniper (Maasvlakte)","gtsgrid1b","gtsgrid2c",,,,,"C37",,
"H","Steam grid Air Liquide (Botlek)",,"gtsgrid2d",,,,,"C44","Cogen Nouryon voedt brine electrolyzer (C46) Nouryon",
"I","Steam grid Stedin (Botlek)",,,,,,,"C52","Cogen voedt alleen aan Exxon ref",
"J","Heat grid (warmte alliantie)",,,,,,,"C63","Pergen voedt Shell, overschot aan TenneT",
,,,,,,,,"C64","Pergen voedt Shell, overschot aan TenneT",
,,,,,,,,,,
,,,,,,,,,,
"Line ID unique [string]","From – conversion asset – unique [sting] (Market/Environment  are also possible)","To – conversion asset – unique [sting]","Feedstock carried","Maximum capacity link [MW]","Owner","CAPEX","Status","Linelengths_km","demand/production","InvestID_electricity"
"StedinMVd1InternalElectricity","StedinMV","D1","Electricity",13,"Stedin","UNDEF","Existing",100000,0,
"c1d1InternalSteam","C1","D1","Steam",9,"Bungeloderscroklaan","UNDEF","Existing",100000,0,
"StedinMVd2InternalElectricity","StedinMV","D2","Electricity",13,"Stedin","UNDEF","Existing",100000,0,
"MV_Steam1d2InternalSteam","MV_Steam1","D2","Steam",20,"Neste","UNDEF","Existing",100000,0,
"MV_AirliquideH2d2InternalH2","AirliquideH2_1","D2","H2",149,"Neste","UNDEF","Existing",100000,0,
"StedinMVd3InternalElectricity","StedinMV","D3","Electricity",13,"Stedin","UNDEF","Existing",100000,0,
"MV_Steam1d3InternalSteam","MV_Steam1","D3","Steam",285,"Lyondellcovestro","UNDEF","Existing",100000,0,
"c2d3InternalSteam","C2","D3","Steam",8,"Lyondellcovestro","UNDEF","Existing",100000,0,
"GTS1bc1InternalGas","GTS1b","C1","Natgas",11,"GTS","UNDEF","Existing",100000,0,
"GTS1bc2InternalGas","GTS1b","C2","Natgas",9,"GTS","UNDEF","Existing",100000,0,
"GTS1bc4InternalGas","GTS1b","C4","Natgas",160,"GTS","UNDEF","Existing",100000,0,
"c4MV_Steam2InternalSteam","C4","MV_Steam2","Steam",153,"Uniper","UNDEF","Existing",100000,0,
"GTS1bc5InternalGas","GTS1b","C5","Natgas",160,"GTS","UNDEF","Existing",100000,0,
"c5MV_Steam2InternalSteam","C5","MV_Steam2","Steam",153,"Uniper","UNDEF","Existing",100000,0,
"MV_Steamgrid","MV_Steam1","MV_Steam2","Steam",320,"Uniper","UNDEF","Existing",100000,0,
"GTSgrid1a","GTS1b","GTS1a","Natgas",20000,"GTS","UNDEF","Existing",100000,0,
"Airliquidegrid1","AirliquideH2_2","AirliquideH2_1","H2",1000,"Airliquide","UNDEF","Existing",100000,0,
"c7d4InternalHtheat","C7","D4","Htheat",120,"BP","UNDEF","Existing",100000,0,
"c8d4InternalHtheat","C8","D4","Htheat",453,"BP","UNDEF","Existing",100000,0,
"c9d4InternalHtheat","C9","D4","Htheat",130,"BP","UNDEF","Existing",100000,0,
"c10d4InternalSteam","C10","D4","Steam",74,"BP","UNDEF","Existing",100000,0,
"c11d4InternalSteam","C11","D4","Steam",278,"BP","UNDEF","Existing",100000,0,
"c12d4InternalSteam","C12","D4","Steam",79,"BP","UNDEF","Existing",100000,0,
"c14d5InternalElectricity","C14","D5","Electricity",35,"Indorama","UNDEF","Existing",100000,0,
"c14StedinEurInternalElectricity","C14","StedinEur","Electricity",35,"Stedin","UNDEF","Existing",100000,0,
"c14d5InternalSteam","C14","D5","Steam",40000,"Indorama","UNDEF","Existing",100000,0,
"c15StedinEurInternalElectricity","C15","StedinEur","Electricity",27,"Stedin","UNDEF","Existing",100000,0,
"c15d6InternalElectricity","C15","D6","Electricity",27,"ADM","UNDEF","Existing",100000,0,
"c15d6InternalSteam","C15","D6","Steam",40000,"ADM","UNDEF","Existing",100000,0,
"GTS2cc7InternalGas","GTS2c","C7","Natgas",188,"GTS","UNDEF","Existing",100000,0,
"Petcokessupplyc9InternalPetcokes","Petcokessupply","C9","Petcokes",203,"BP","UNDEF","Existing",100000,0,
"Petcokessupplyc12InternalPetcokes","Petcokessupply","C12","Petcokes",116,"BP","UNDEF","Existing",100000,0,
"GTS2cc10InternalGas","GTS2c","C10","Natgas",109,"GTS","UNDEF","Existing",100000,0,
"GTS1cc13internalGas","GTS1c","C13","Natgas",1844,"GTS","UNDEF","Existing",100000,0,
"GTS2cc14internalGas","GTS2c","C14","Natgas",114,"GTS","UNDEF","Existing",100000,0,
"GTS2cc15internalGas","GTS2c","C15","Natgas",88,"GTS","UNDEF","Existing",100000,0,
"GTS2cc16internalGas","GTS2c","C16","Natgas",29,"GTS","UNDEF","Existing",100000,0,
"GTSgrid1c","GTS1d","GTS1c","Natgas",20000,"GTS","UNDEF","Existing",100000,0,
"GTSgrid1b","GTS1c","GTS1b","Natgas",20000,"GTS","UNDEF","Existing",100000,0,
"GTSgrid1d","GTS1e","GTS1d","Natgas",20000,"GTS","UNDEF","Existing",100000,0,
"StedinEurd7InternalElectricity","StedinEur","D7","Electricity",31,"Stedin","UNDEF","Existing",100000,0,
"StedinEurd8InternalElectricity","StedinEur","D8","Electricity",58,"Stedin","UNDEF","Existing",100000,0,
"StedinEurd9InternalElectricity","StedinEur","D9","Electricity",13,"Stedin","UNDEF","Existing",100000,0,
"StedinEurd10InternalElectricity","StedinEur","D10","Electricity",13,"Stedin","UNDEF","Existing",100000,0,
"StedinEurd11InternalElectricity","StedinEur","D11","Electricity",25,"Stedin","UNDEF","Existing",100000,0,
"Airliquidegrid2","AirliquideH2_3","AirliquideH2_2","H2",1000,"Airliquide","UNDEF","Existing",100000,0,
"Airliquidegrid3","AirliquideH2_4","AirliquideH2_3","H2",1000,"Airliquide","UNDEF","Existing",100000,0,
"AirliquideH2_2d4InternalH2","AirliquideH2_2","D4","H2",199,"Airliquide","UNDEF","Existing",100000,0,
"Airproductsgrid1","AirproductsH2_2","AirproductsH2_1","H2",100,"Airproducts","UNDEF","Existing",100000,0,
"Airproductsgrid2","AirproductsH2_3","AirproductsH2_2","H2",100,"Airproducts","UNDEF","Existing",100000,0,
"Airproductsgrid3","AirproductsH2_4","AirproductsH2_3","H2",100,"Airproducts","UNDEF","Existing",100000,0,
"AirproductsH2_1d4InternalH2","AirproductsH2_1","D4","H2",16,"Airproducts","UNDEF","Existing",100000,0,
"c17d7InternalHtheat","C17","D7","Htheat",19,"Gunvor","UNDEF","Existing",100000,0,
"c18d7InternalHtheat","C18","D7","Htheat",72,"Gunvor","UNDEF","Existing",100000,0,
"c19d7InternalHtheat","C19","D7","Htheat",21,"Gunvor","UNDEF","Existing",100000,0,
"c20d7InternalSteam","C20","D7","Steam",24,"Gunvor","UNDEF","Existing",100000,0,
"c21d7InternalSteam","C21","D7","Steam",89,"Gunvor","UNDEF","Existing",100000,0,
"c22d7InternalSteam","C22","D7","Steam",26,"Gunvor","UNDEF","Existing",100000,0,
"AirproductsH2_2d7InternalH2","AirproductsH2_2","D7","H2",48,"Airproducts","UNDEF","Existing",100000,0,
"GTS2cc17InternalGas","GTS2c","C17","Natgas",30,"GTS","UNDEF","Existing",100000,0,
"GTSgrid2b","GTS2c","GTS2b","Natgas",4000,"GTS","UNDEF","Existing",100000,0,
"Petcokessupplyc19InternalPetcokes","Petcokessupply","C19","Petcokes",26,"Gunvor","UNDEF","Existing",100000,0,
"GTS2cc20InternalGas","GTS2c","C20","Natgas",35,"GTS","UNDEF","Existing",100000,0,
"Petcokessupplyc22InternalPetcokes","Petcokessupply","C22","Petcokes",30,"Gunvor","UNDEF","Existing",100000,0,
"GTSgrid2c","GTS2d","GTS2c","Natgas",4000,"GTS","UNDEF","Existing",100000,0,
"c23d8InternalSteam","C23","D8","Steam",40000,"Alco","UNDEF","Existing",100000,0,
"c24d9InternalSteam","C24","D9","Steam",40000,"Caldic","UNDEF","Existing",100000,0,
"c25d10InternalSteam","C25","D10","Steam",40000,"Exxonmobil","UNDEF","Existing",100000,0,
"c26d11InternalHtheat","C26","D11","Htheat",40000,"Koch","UNDEF","Existing",100000,0,
"c27d11InternalSteam","C27","D11","Steam",40000,"Koch","UNDEF","Existing",100000,0,
"GTS2cc23internalGas","GTS2c","C23","Natgas",188,"GTS","UNDEF","Existing",100000,0,
"c23StedEurinInternalElectricity","C23","StedinEur","Electricity",58,"Stedin","UNDEF","Existing",100000,0,
"c23d8InternalElectricity","C23","D8","Electricity",49,"Alco","UNDEF","Existing",100000,0,
"GTS2cc24internalGas","GTS2c","C24","Natgas",11,"GTS","UNDEF","Existing",100000,0,
"GTS2cc25internalGas","GTS2c","C25","Natgas",39,"GTS","UNDEF","Existing",100000,0,
"GTS2cc26internalGas","GTS2c","C26","Natgas",39,"GTS","UNDEF","Existing",100000,0,
"GTS2cc27internalGas","GTS2c","C27","Natgas",45,"GTS","UNDEF","Existing",100000,0,
"BotA_MerseyHuntsmand12InternalElectricity","BotA_MerseyHuntsman","D12","Electricity",13,"Ducor","UNDEF","Existing",100000,0,
"c28d12InternalSteam","C28","D12","Steam",40000,"Ducor","UNDEF","Existing",100000,0,
"c29d12InternalSteam","C29","D12","Steam",40000,"Ducor","UNDEF","Existing",100000,0,
"BotA_MerseyHuntsmand13InternalElectricity","BotA_MerseyHuntsman","D13","Electricity",13,"Airliquide","UNDEF","Existing",100000,0,
"c29d13InternalSteam","C29","D13","Steam",40000,"Airliquide","UNDEF","Existing",100000,0,
"BotA_MerseyHuntsmand14InternalElectricity","BotA_MerseyHuntsman","D14","Electricity",13,"Invista","UNDEF","Existing",100000,0,
"c29d14InternalSteam","C29","D14","Steam",40000,"Invista","UNDEF","Existing",100000,0,
"c30d14InternalSteam","C30","D14","Steam",40000,"Invista","UNDEF","Existing",100000,0,
"BotA_MerseyHuntsmand15InternalElectricity","BotA_MerseyHuntsman","D15","Electricity",13,"Lucite","UNDEF","Existing",100000,0,
"c30d15InternalSteam","C30","D15","Steam",40000,"Lucite","UNDEF","Existing",100000,0,
"BotA_MerseyHuntsmand16InternalElectricity","BotA_MerseyHuntsman","D16","Electricity",13,"Huntsman","UNDEF","Existing",100000,0,
"c30d16InternalSteam","C30","D16","Steam",40000,"Huntsman","UNDEF","Existing",100000,0,
"GTS3dc28internalGas","GTS3d","C28","Natgas",8,"GTS","UNDEF","Existing",100000,0,
"GTS2dc29internalGas","GTS2d","C29","Natgas",195,"GTS","UNDEF","Existing",100000,0,
"GTS2dc30InternalGas","GTS2d","C30","Natgas",358,"GTS","UNDEF","Existing",100000,0,
"GTS1dc31InternalGas","GTS1d","C31","Natgas",589,"GTS","UNDEF","Existing",100000,0,
"GTS1dc32InternalGas","GTS1d","C32","Natgas",650,"GTS","UNDEF","Existing",100000,0,
"GTS3dc33InternalGas","GTS3d","C33","Natgas",6,"GTS","UNDEF","Existing",100000,0,
"BotA_Steamgrid","BotA_Steam3","BotA_Steam4","Steam",40000,"Airliquide","UNDEF","Existing",100000,0,
"BotA_Steam3d14internalSteam","BotA_Steam3","D14","Steam",40000,"Airliquide","UNDEF","Existing",100000,0,
"BotA_Steam3d15internalSteam","BotA_Steam3","D15","Steam",40000,"Airliquide","UNDEF","Existing",100000,0,
"BotA_Steam4d12internalSteam","BotA_Steam4","D12","Steam",40000,"Airliquide","UNDEF","Existing",100000,0,
"BotA_Steam4d13internalSteam","BotA_Steam4","D13","Steam",40000,"Airliquide","UNDEF","Existing",100000,0,
"BotA_Steam4d16internalSteam","BotA_Steam4","D16","Steam",40000,"Airliquide","UNDEF","Existing",100000,0,
"BotA_Steam4c29internalSteam","BotA_Steam4","C29","Steam",40000,"Airliquide","UNDEF","Existing",100000,0,
"BotA_Steam4c30internalSteam","BotA_Steam4","C30","Steam",40000,"Airliquide","UNDEF","Existing",100000,0,
"GTSgrid3c","GTS3d","GTS3c","Natgas",4000,"GTS","UNDEF","Existing",100000,0,
"GTSgrid3d","GTS2d","GTS3d","Natgas",4000,"GTS","UNDEF","Existing",100000,0,
"Airliquidegrid4","AirliquideH2_5","AirliquideH2_4","H2",1000,"Airliquide","UNDEF","Existing",100000,0,
"c31AirliquideH2_4InternalH2","C31","AirliquideH2_4","H2",1000,"Airliquide","UNDEF","Existing",100000,0,
"c32AirliquideH2_4InternalH2","C32","AirliquideH2_4","H2",1000,"Airliquide","UNDEF","Existing",100000,0,
"StedinTheemsd17InternalElectricity","StedinTheems","D17","Electricity",13,"Stedin","UNDEF","Existing",100000,0,
"c34d17InternalSteam","C34","D17","Steam",40000,"Almatis","UNDEF","Existing",100000,0,
"StedinTheemsd18InternalElectricity","StedinTheems","D18","Electricity",13,"Stedin","UNDEF","Existing",100000,0,
"c35d18InternalSteam","C35","D18","Steam",40000,"Climax","UNDEF","Existing",100000,0,
"StedinTheemsd19InternalElectricity","StedinTheems","D19","Electricity",70,"Stedin","UNDEF","Existing",100000,0,
"c36d19InternalSteam","C36","D19","Steam",40000,"Lyondell_Bot","UNDEF","Existing",100000,0,
"c37d19InternalSteam","C37","D19","Steam",40000,"Lyondell_Bot","UNDEF","Existing",100000,0,
"c37d19InternalElectricity","C37","D19","Electricity",70,"Lyondell_Bot","UNDEF","Existing",100000,0,
"BotA_MerseyHuntsmand20InternalElectricity","BotA_MerseyHuntsman","D20","Electricity",13,"Huntsman","UNDEF","Existing",100000,0,
"GTS3dc34InternalGas","GTS3d","C34","Natgas",15,"GTS","UNDEF","Existing",100000,0,
"GTS3dc35InternalGas","GTS3d","C35","Natgas",6,"GTS","UNDEF","Existing",100000,0,
"GTS1dc36InternalGas","GTS1d","C36","Natgas",390,"GTS","UNDEF","Existing",100000,0,
"GTS1dc37internalGas","GTS1d","C37","Natgas",226,"GTS","UNDEF","Existing",100000,0,
"StedinGerbrandd21InternalElectricity","StedinGerbrand","D21","Electricity",13,"Stedin","UNDEF","Existing",100000,0,
"c39d21InternalHtheat","C39","D21","Htheat",40000,"Tronox","UNDEF","Existing",100000,0,
"StedinGerbrandd22InternalElectricity","StedinGerbrand","D22","Electricity",13,"Stedin","UNDEF","Existing",100000,0,
"c41d22InternalHtheat","C41","D22","Htheat",40000,"Cabot","UNDEF","Existing",100000,0,
"c42d22InternalHtheat","C42","D22","Htheat",40000,"Cabot","UNDEF","Existing",100000,0,
"StedinGerbrandd23InternalElectricity","StedinGerbrand","D23","Electricity",13,"Stedin","UNDEF","Existing",100000,0,
"StedinSteam6d23Internalsteam","StedinSteam6","D23","Steam",40000,"Stedin","UNDEF","Existing",100000,0,
"c43d23Internalsteam","C43","D23","Steam",40000,"EKC","UNDEF","Existing",100000,0,
"Wastesupplyc38InternalWaste","Wastesupply","C38","Waste",40000,"AVR","UNDEF","Existing",100000,0,
"c38StedinSteam5","C38","StedinSteam5","Steam",40000,"Stedin","UNDEF","Existing",100000,0,
"GTS3dc39InternalGas","GTS3d","C39","Natgas",70,"GTS","UNDEF","Existing",100000,0,
"Resfuelsupplyc40InternalResfuel","Resfuelsupply","C40","Resfuel",40000,"Cabot","UNDEF","Existing",100000,0,
"c40StedinGerbrandInternalElectricity","C40","StedinGerbrand","Electricity",15,"Stedin","UNDEF","Existing",100000,0,
"Resfuelsupplyc41InternalResfuel","Resfuelsupply","C41","Resfuel",40000,"Cabot","UNDEF","Existing",100000,0,
"GTS3dc42InternalGas","GTS3d","C42","Natgas",38,"GTS","UNDEF","Existing",100000,0,
"GTS3dc43InternalGas","GTS3d","C43","Natgas",41,"GTS","UNDEF","Existing",100000,0,
"SteamgridStedin","StedinSteam5","StedinSteam6","Steam",40000,"Stedin","UNDEF","Existing",100000,0,
"c44d24InternalSteam","C44","D24","Steam",40000,"Nouryon","UNDEF","Existing",100000,0,
"c45d24InternalSteam","C45","D24","Steam",40000,"Nouryon","UNDEF","Existing",100000,0,
"c45d25InternalSteam","C45","D25","Steam",40000,"Shinetsu","UNDEF","Existing",100000,0,
"c51d26InternalHtheat","C51","D26","Htheat",40000,"Exxonmobil","UNDEF","Existing",100000,0,
"c52d26InternalSteam","C52","D26","Steam",40000,"Exxonmobil","UNDEF","Existing",100000,0,
"c52d26InternalElectricity","C52","D26","Electricity",74,"Exxonmobil","UNDEF","Existing",100000,0,
"c50d26InternalSteam","C50","D26","Steam",40000,"Exxonmobil","UNDEF","Existing",100000,0,
"c48d26InternalH2","C48","D26","H2",1000,"Airproducts","UNDEF","Existing",100000,0,
"c49d26InternalH2","C49","D26","H2",1000,"Exxonmobil","UNDEF","Existing",100000,0,
"AirliquideH2_5d26InternalH2","AirliquideH2_5","D26","H2",1000,"Airliquide","UNDEF","Existing",100000,0,
"GTS2dc44InternalGas","GTS2d","C44","Natgas",90,"GTS","UNDEF","Existing",100000,0,
"c44c46InternalElectricity","C44","C46","Electricity",90,"Nouryon","UNDEF","Existing",100000,0,
"GTS2dc45InternalGas","GTS2d","C45","Natgas",104,"GTS","UNDEF","Existing",100000,0,
"c46AirproductsH2_4InternalH2","C46","AirproductsH2_4","H2",1000,"Airproducts","UNDEF","Existing",100000,0,
"GTS2dc47InternalGas","GTS2d","C47","Natgas",85,"GTS","UNDEF","Existing",100000,0,
"c47d25InternalHtheat","C47","D25","Htheat",40000,"Shinetsu","UNDEF","Existing",100000,0,
"GTS2dc48InternalGas","GTS2d","C48","Natgas",560,"GTS","UNDEF","Existing",100000,0,
"GTSgrid2d","GTS1d","GTS2d","Natgas",8000,"GTS","UNDEF","Existing",100000,0,
"AirproductsH2_4d26","AirproductsH2_4","D26","H2",1000,"Airproducts","UNDEF","Existing",100000,0,
"StedinBotld27InternalElectricity","StedinBotl","D27","Electricity",13,"Stedin","UNDEF","Existing",100000,0,
"c53d27InternalSteam","C53","D27","Steam",40000,"Hexion_Bot","UNDEF","Existing",100000,0,
"StedinBotld28InternalElectricity","StedinBotl","D28","Electricity",13,"Stedin","UNDEF","Existing",100000,0,
"c54d28InternalHtheat","C54","D28","Htheat",40000,"Aluchemie","UNDEF","Existing",100000,0,
"c55d28InternalHtheat","C55","D28","Htheat",40000,"Aluchemie","UNDEF","Existing",100000,0,
"GTS3dc53InternalGas","GTS3d","C53","Natgas",5,"GTS","UNDEF","Existing",100000,0,
"GTS2dc54InternalGas","GTS2d","C54","Natgas",38,"GTS","UNDEF","Existing",100000,0,
"StedinVondeld29InternalElectricity","StedinVondel","D29","Electricity",13,"Shell","UNDEF","Existing",100000,0,
"c56d29InternalSteam","C56","D29","Steam",40000,"Cerexagri","UNDEF","Existing",100000,0,
"StedinVondeld30InternalElectricity","StedinVondel","D30","Electricity",13,"Shell","UNDEF","Existing",100000,0,
"c57d30InternalHtheat","C57","D30","Htheat",40000,"Cerexagri","UNDEF","Existing",100000,0,
"StedinVondelShelld31InternalElectricity","StedinVondel","D31","Electricity",13,"Shell","UNDEF","Existing",100000,0,
"c58d31InternalSteam","C58","D31","Steam",40000,"Wilmar","UNDEF","Existing",100000,0,
"StedinVondelShelld32InternalElectricity","StedinVondel","D32","Electricity",13,"Shell","UNDEF","Existing",100000,0,
"c59d32InternalSteam","C59","D32","Steam",40000,"Hexion_Per","UNDEF","Existing",100000,0,
"GTS2dc56InternalGas","GTS2d","C56","Natgas",1,"GTS","UNDEF","Existing",100000,0,
"GTS2dc57InternalGas","GTS2d","C57","Natgas",3,"GTS","UNDEF","Existing",100000,0,
"GTS2dc58InternalGas","GTS2d","C58","Natgas",9,"GTS","UNDEF","Existing",100000,0,
"GTS1dc59InternalGas","GTS1d","C59","Natgas",26,"GTS","UNDEF","Existing",100000,0,
"StedinVondeld33InternalElectricity","StedinVondel","D33","Electricity",30,"Shell","UNDEF","Existing",100000,0,
"c66StedinVondelInternalElectricity","C66","StedinVondel","Electricity",30,"Shell","UNDEF","Existing",100000,0,
"c67StedinVondelInternalElectricity","C67","StedinVondel","Electricity",30,"Shell","UNDEF","Existing",100000,0,
"c68StedinVondelInternalElectricity","C68","StedinVondel","Electricity",30,"Shell","UNDEF","Existing",100000,0,
"c63d33InternalElectricity","C63","D33","Electricity",288,"Airproducts","UNDEF","Existing",100000,0,
"c64d33InternalElectricity","C64","D33","Electricity",83,"Airproducts","UNDEF","Existing",100000,0,
"GTS1dc60Internalgas","GTS1d","C60","Natgas",939,"GTS","UNDEF","Existing",100000,0,
"GTS1dc61Internalgas","GTS1d","C61","Natgas",973,"GTS","UNDEF","Existing",100000,0,
"c72d33InternalHtheat","C72","D33","Htheat",40000,"Shell","UNDEF","Existing",100000,0,
"c73d33InternalHtheat","C73","D33","Htheat",40000,"Shell","UNDEF","Existing",100000,0,
"c74d33InternalHtheat","C74","D33","Htheat",40000,"Shell","UNDEF","Existing",100000,0,
"c63d33InternalSteam","C63","D33","Steam",40000,"Shell","UNDEF","Existing",100000,0,
"c64d33InternalSteam","C64","D33","Steam",40000,"Shell","UNDEF","Existing",100000,0,
"c69d33InternalSteam","C69","D33","Steam",40000,"Shell","UNDEF","Existing",100000,0,
"c70d33InternalSteam","C70","D33","Steam",40000,"Shell","UNDEF","Existing",100000,0,
"c71d33InternalSteam","C71","D33","Steam",40000,"Shell","UNDEF","Existing",100000,0,
"c62d33InternalH2","C62","D33","H2",1000,"Shell","UNDEF","Existing",100000,0,
"c65d33InternalH2","C65","D33","H2",1000,"Shell","UNDEF","Existing",100000,0,
"GTS1dc62Internalgas","GTS1d","C62","Natgas",370,"Shell","UNDEF","Existing",100000,0,
"Petcokessupplyc64InternalPetcokes","Petcokessupply","C64","Petcokes",40000,"Airproducts","UNDEF","Existing",100000,0,
"GTS1dc66Internalgas","GTS1d","C66","NatGas",43,"Shell","UNDEF","Existing",100000,0,
"Petcokessupplyc68InternalPetcokes","Petcokessupply","C68","Petcokes",40000,"Shell","UNDEF","Existing",100000,0,
"GTS1dc69Internalgas","GTS1d","C69","NatGas",31,"Shell","UNDEF","Existing",100000,0,
"Petcokessupplyc71InternalPetcokes","Petcokessupply","C71","Petcokes",40000,"Shell","UNDEF","Existing",100000,0,
"GTS1dc72Internalgas","GTS1d","C72","NatGas",225,"Shell","UNDEF","Existing",100000,0,
"Petcokessupplyc74InternalPetcokes","Petcokessupply","C74","Petcokes",40000,"Shell","UNDEF","Existing",100000,0,
"NatgassupplyGTS1eInternalgas","Natgassupply","GTS1e","Natgas",20000,"GTS","UNDEF","Existing",100000,0,
"Oilrestsupplyc65InternalOilrest","Oilrestsupply","C65","Oilrest",980,"Shell","UNDEF","Existing",100000,0,
"Resfuelsupplyc55InternalResfuel","Resfuelsupply","C55","Resfuel",13,"Aluchemie","UNDEF","Existing",100000,0,
"c3TenneT380MV_genInternalElectricity","C3","TenneT380MV_gen","Electricity",1375,"TenneT","UNDEF","Existing",100000,0,
"c6TenneT380MV_genInternalElectricity","C6","TenneT380MV_gen","Electricity",1000,"TenneT","UNDEF","Existing",100000,0,
"c13TenneT380MV_genInternalElectricity","C13","TenneT380MV_gen","Electricity",1088,"TenneT","UNDEF","Existing",100000,0,
"TenneT380MV_genTenneT380MV_lineInternalElectricity","TenneT380MV_gen","TenneT380MV_line","Electricity",40000,"TenneT","UNDEF","Existing",1,0,
"TenneT380MV_genTenneT380MV_transInternalElectricity","TenneT380MV_gen","TenneT380MV_trans","Electricity",40000,"TenneT","UNDEF","Existing",1,0,
"S4TenneT380MV_lineInternalElectricity","S4","TenneT380MV_line","Electricity",1000,"TenneT","UNDEF","Existing",100000,0,
"380kVgrid1","TenneT380MV_line","TenneT380Bleiswijk_line","Electricity",2900,"TenneT","UNDEF","Existing",49,0,"380kVgrid1"
"380kVgrid2","TenneT380MV_line","TenneT380Simonsh_line","Electricity",2900,"TenneT","UNDEF","Existing",23,0,
"TenneT380MV_lineTenneT380MV_transInternalElectricity","TenneT380MV_line","TenneT380MV_trans","Electricity",40000,"TenneT","UNDEF","Existing",1,0,
"150kVgrid1","TenneT380MV_trans","TenneT150MV_gen","Electricity",1000,"TenneT","UNDEF","Existing",4,0,
"C60TenneT380Simonsh_genInternalElectricity","C60","TenneT380Simonsh_gen","Electricity",535,"TenneT","UNDEF","Existing",100000,0,
"TenneT380Simonsh_genTenneT380Simonsh_transInternalElectricity","TenneT380Simonsh_gen","TenneT380Simonsh_trans","Electricity",40000,"TenneT","UNDEF","Existing",1,0,
"TenneT380Simonsh_genTenneT380Simonsh_lineInternalElectricity","TenneT380Simonsh_gen","TenneT380Simonsh_line","Electricity",40000,"TenneT","UNDEF","Existing",1,0,
"380kVgrid3","TenneT380Simonsh_line","TenneT380Krimpen_line","Electricity",2900,"TenneT","UNDEF","Existing",58,0,
"TenneT380Simonsh_lineTenneT380Simonsh_trans","TenneT380Simonsh_line","TenneT380Simonsh_trans","Electricity",40000,"TenneT","UNDEF","Existing",1,0,
"150kVgrid2","TenneT380Simonsh_trans","TenneT150Botl_gen","Electricity",500,"TenneT","UNDEF","Existing",4,0,
"380kVgrid4","TenneT380Bleiswijk_line","TenneT380Krimpen_line","Electricity",2900,"TenneT","UNDEF","Existing",18,0,
"TenneT380Krimpen_lineTenneT380Krimpen_transInternalElectricity","TenneT380Krimpen_line","TenneT380Krimpen_trans","Electricity",40000,"TenneT","UNDEF","Existing",1,0,
"150kVgrid3","TenneT380Krimpen_trans","TenneT150Waalh_gen","Electricity",500,"TenneT","UNDEF","Existing",1,0,
"S5TenneT380restNL_lineInternalElectricity","S5","TenneT380restNL_line","Electricity",40000,"TenneT","UNDEF","Existing",100000,0,
"380kVgrid5","TenneT380restNL_line","TenneT380Bleiswijk_line","Electricity",880,"TenneT","UNDEF","Existing",100,0,
"380kVgrid6","TenneT380restNL_line","TenneT380Krimpen_line","Electricity",880,"TenneT","UNDEF","Existing",50,0,
"c4TenneT150MV_genInternalElectricity","C4","TenneT150MV_gen","Electricity",50,"TenneT","UNDEF","Existing",100000,0,
"TenneT150MV_genTenneT150MV_lineInternalElectricity","TenneT150MV_gen","TenneT150MV_line","Electricity",40000,"TenneT","UNDEF","Existing",1,0,
"TenneT150MV_genTenneT150MV_transInternalElectricity","TenneT150MV_gen","TenneT150MV_trans","Electricity",40000,"TenneT","UNDEF","Existing",1,0,
"TenneT150MV_lineTenneT150MV_transInternalElectricity","TenneT150MV_line","TenneT150MV_trans","Electricity",40000,"TenneT","UNDEF","Existing",1,0,
"150kVgrid4","TenneT150MV_line","TenneT150Eur_line","Electricity",330,"TenneT","UNDEF","Existing",12,0,
"TenneT150MV_lineTenneT150MV_transInternalElectricity","TenneT150MV_line","TenneT150MV_trans","Electricity",40000,"TenneT","UNDEF","Existing",1,0,
"TenneT150MV_genTenneT150MV_transInternalElectricity","TenneT150MV_gen","TenneT150MV_trans","Electricity",40000,"TenneT","UNDEF","Existing",1,0,
"TenneT150MV_transStedinMVInternalElectricity","TenneT150MV_trans","StedinMV","Electricity",240,"TenneT","UNDEF","Existing",100000,0,
"150kVgrid5","TenneT150Eur_line","TenneT150Botl_line","Electricity",330,"TenneT","UNDEF","Existing",18,0,
"TenneT150Eur_lineTenneT150Eur_transInternalElectricity","TenneT150Eur_line","TenneT150Eur_trans","Electricity",40000,"TenneT","UNDEF","Existing",1,0,
"TenneT150Eur_transStedinEurInternalElectricity","TenneT150Eur_trans","StedinEur","Electricity",240,"TenneT","UNDEF","Existing",100000,0,
"c44TenneT150Botl_genInternalElectricity","C44","TenneT150Botl_gen","Electricity",28,"TenneT","UNDEF","Existing",100000,0,
"c46TenneT150Botl_custInternalElectricity","C46","TenneT150Botl_cust","Electricity",283,"TenneT","UNDEF","Existing",100000,0,
"c52TenneT150Botl_genInternalElectricity","C52","TenneT150Botl_gen","Electricity",74,"TenneT","UNDEF","Existing",100000,0,
"TenneT150Botl_genTenneT150Botl_lineInternalElectricity","TenneT150Botl_gen","TenneT150Botl_line","Electricity",40000,"TenneT","UNDEF","Existing",1,0,
"TenneT150Botl_genTenneT150Botl_transInternalElectricity","TenneT150Botl_gen","TenneT150Botl_trans","Electricity",40000,"TenneT","UNDEF","Existing",1,0,
"150kVgrid6","TenneT150Botl_line","TenneT150Mersey_line","Electricity",99,"TenneT","UNDEF","Existing",4,0,
"150kVgrid7","TenneT150Botl_line","TenneT150Theems_line","Electricity",99,"TenneT","UNDEF","Existing",4,0,
"150kVgrid8","TenneT150Botl_line","TenneT150Gerbrand_line","Electricity",99,"TenneT","UNDEF","Existing",7,0,
"TenneT150Botl_genTenneT150Botl_transInternalElectricity","TenneT150Botl_gen","TenneT150Botl_trans","Electricity",40000,"TenneT","UNDEF","Existing",1,0,
"TenneT150Botl_lineTenneT150Botl_transInternalElectricity","TenneT150Botl_line","TenneT150Botl_trans","Electricity",40000,"TenneT","UNDEF","Existing",1,0,
"TenneT150Botl_transStedinBotlInternalElectricity","TenneT150Botl_trans","StedinBotl","Electricity",240,"TenneT","UNDEF","Existing",100000,0,
"c29TenneT150Mersey_genInternalElectricity","C29","TenneT150Mersey_gen","Electricity",60,"TenneT","UNDEF","Existing",100000,0,
"c30TenneT150Mersey_genInternalElectricity","C30","TenneT150Mersey_gen","Electricity",111,"TenneT","UNDEF","Existing",100000,0,
"c36TenneT150Mersey_genInternalElectricity","C36","TenneT150Mersey_gen","Electricity",121,"TenneT","UNDEF","Existing",100000,0,
"TenneT150Mersey_genTenneT150Mersey_lineInternalElectricity","TenneT150Mersey_gen","TenneT150Mersey_line","Electricity",40000,"TenneT","UNDEF","Existing",1,0,
"TenneT150Mersey_lineTenneT150Mersey_transInternalElectricity","TenneT150Mersey_line","TenneT150Mersey_trans","Electricity",40000,"TenneT","UNDEF","Existing",1,0,
"TenneT150Mersey_transBotA_MerseyHuntsmanInternalElectricity","TenneT150Mersey_trans","BotA_MerseyHuntsman","Electricity",240,"TenneT","UNDEF","Existing",1,0,
"c37TenneT150Theems_genInternalElectricity","C37","TenneT150Theems_gen","Electricity",70,"TenneT","UNDEF","Existing",100000,0,
"TenneT150Theems_genTenneT150Theems_lineInternalElectricity","TenneT150Theems_gen","TenneT150Theems_line","Electricity",40000,"TenneT","UNDEF","Existing",1,0,
"TenneT150Theems_genTenneT150Theems_transInternalElectricity","TenneT150Theems_gen","TenneT150Theems_trans","Electricity",40000,"TenneT","UNDEF","Existing",1,0,
"TenneT150Theems_lineTenneT150Theems_transInternalElectricity","TenneT150Theems_line","TenneT150Theems_trans","Electricity",40000,"TenneT","UNDEF","Existing",1,0,
"TenneT150Theems_transStedinTheemsInternalElectricity","TenneT150Theems_trans","StedinTheems","Electricity",240,"TenneT","UNDEF","Existing",100000,0,
"c38TenneT150Gerbrand_genInternalElectricity","C38","TenneT150Gerbrand_gen","Electricity",130,"TenneT","UNDEF","Existing",100000,0,
"TenneT150Gerbrand_genTenneT150Gerbrand_lineInternalElectricity","TenneT150Gerbrand_gen","TenneT150Gerbrand_line","Electricity",40000,"TenneT","UNDEF","Existing",1,0,
"TenneT150Gerbrand_genTenneT150Gerbrand_transInternalElectricity","TenneT150Gerbrand_gen","TenneT150Gerbrand_trans","Electricity",40000,"TenneT","UNDEF","Existing",1,0,
"TenneT150Gerbrand_lineTenneT150Gerbrand_transInternalElectricity","TenneT150Gerbrand_line","TenneT150Gerbrand_trans","Electricity",40000,"TenneT","UNDEF","Existing",1,0,
"TenneT150Gerbrand_genTenneT150Gerbrand_transInternalElectricity","TenneT150Gerbrand_gen","TenneT150Gerbrand_trans","Electricity",40000,"TenneT","UNDEF","Existing",1,0,
"TenneT150Gerbrand_transStedinGerbrandInternalElectricity","TenneT150Gerbrand_trans","StedinGerbrand","Electricity",240,"TenneT","UNDEF","Existing",100000,0,
"c61TenneT150Waalh_genInternalElectricity","C61","TenneT150Waalh_gen","Electricity",535,"TenneT","UNDEF","Existing",100000,0,
"TenneT150Waalh_genTenneT150Waalh_lineInternalElectricity","TenneT150Waalh_gen","TenneT150Waalh_line","Electricity",40000,"TenneT","UNDEF","Existing",1,0,
"150kVgrid9","TenneT150Waalh_line","TenneT150Vondel_line","Electricity",83,"TenneT","UNDEF","Existing",10,0,
"c65TenneT150Vondel_genInternalElectricity","C65","TenneT150Vondel_gen","Electricity",225,"TenneT","UNDEF","Existing",100000,0,
"TenneT150Vondel_genTenneT150Vondel_lineInternalElectricity","TenneT150Vondel_gen","TenneT150Vondel_line","Electricity",40000,"TenneT","UNDEF","Existing",1,0,
"TenneT150Vondel_genTenneT150Vondel_transInternalElectricity","TenneT150Vondel_gen","TenneT150Vondel_trans","Electricity",40000,"TenneT","UNDEF","Existing",1,0,
"TenneT150Vondel_lineTenneT150Vondel_transInternalElectricity","TenneT150Vondel_line","TenneT150Vondel_trans","Electricity",40000,"TenneT","UNDEF","Existing",1,0,
"TenneT150Vondel_transStedinVondelInternalElectricity","TenneT150Vondel_trans","StedinVondel","Electricity",240,"TenneT","UNDEF","Existing",100000,0,
"c63TenneT150Geervl_genInternalElectricity","C63","TenneT150Geervl_gen","Electricity",288,"TenneT","UNDEF","Existing",100000,0,
"c64TenneT150Geervl_genInternalElectricity","C64","TenneT150Geervl_gen","Electricity",83,"TenneT","UNDEF","Existing",100000,0,
"TenneT150Geervl_genTenneT150Geervl_lineInternalElectricity","TenneT150Geervl_gen","TenneT150Geervl_line","Electricity",40000,"TenneT","UNDEF","Existing",1,0,
"150kVgrid10","TenneT150Geervl_line","TenneT150Waalh_line","Electricity",151,"TenneT","UNDEF","Existing",13,0,
"GTS1dd37InternalGas","GTS1d","D37","Natgas",500,"GTS","UNDEF","Existing",100000,0,
"S2TenneT380MV_genInternalElectricity","S2","TenneT380MV_gen","Electricity",1400,"TenneT","UNDEF","Existing",100000,0,
"S3TenneT380Simonsh_genInternalElectricity","S3","TenneT380Simonsh_gen","Electricity",0,"TenneT","UNDEF","Existing",100000,0,
"StedinMVd38InternalElectricity","StedinMV","D38","Electricity",275,"Stedin","UNDEF","Existing",100000,0,
"StedinEurd39InternalElectricity","StedinEur","D39","Electricity",327,"Stedin","UNDEF","Existing",100000,0,
"StedinBotld40InternalElectricity","StedinBotl","D40","Electricity",288,"Stedin","UNDEF","Existing",100000,0,
"StedinTheemsd41InternalElectricity","StedinTheems","D41","Electricity",288,"Stedin","UNDEF","Existing",100000,0,
"StedinGerbrandd42InternalElectricity","StedinGerbrand","D42","Electricity",290,"Stedin","UNDEF","Existing",100000,0,
"StedinVondeld43InternalElectricity","StedinVondel","D43","Electricity",196,"Stedin","UNDEF","Existing",100000,0,
"TenneT150Eur_lineTenneT150Eur_custInternalElectricity","TenneT150Eur_line","TenneT150Eur_cust","Electricity",40000,"TenneT","UNDEF","Existing",1,0,
"TenneT150Eur_custd4InternalElectricity","TenneT150Eur_cust","D4","Electricity",144,"TenneT","UNDEF","Existing",100000,0,
"TenneT150Botl_genTenneT150Botl_custInternalElectricity","TenneT150Botl_gen","TenneT150Botl_cust","Electricity",40000,"TenneT","UNDEF","Existing",1,0,
"TenneT150Botl_lineTenneT150Botl_transInternalElectricity","TenneT150Botl_line","TenneT150Botl_trans","Electricity",40000,"TenneT","UNDEF","Existing",1,0,
"TenneT150Botl_lineTenneT150Botl_custInternalElectricity","TenneT150Botl_line","TenneT150Botl_cust","Electricity",40000,"TenneT","UNDEF","Existing",1,0,
"TenneT150Botl_custd24InternalElectricity","TenneT150Botl_cust","D24","Electricity",13,"TenneT","UNDEF","Existing",100000,0,
"TenneT150Botl_custd25InternalElectricity","TenneT150Botl_cust","D25","Electricity",13,"TenneT","UNDEF","Existing",100000,0,
"TenneT150Botl_custd26InternalElectricity","TenneT150Botl_cust","D26","Electricity",129,"TenneT","UNDEF","Existing",100000,0,
"TenneT150Botl_genTenneT150Botl_custInternalElectricity","TenneT150Botl_gen","TenneT150Botl_cust","Electricity",40000,"TenneT","UNDEF","Existing",1,0,
"TenneT150Botl_lineTenneT150Botl_custInternalElectricity","TenneT150Botl_line","TenneT150Botl_cust","Electricity",40000,"TenneT","UNDEF","Existing",1,0,
"TenneT150Mersey_genTenneT150Mersey_transInternalElectricity","TenneT150Mersey_gen","TenneT150Mersey_trans","Electricity",40000,"TenneT","UNDEF","Existing",1,0,
"Coalsupplyc3InternalCoal","Coalsupply","C3","Coal",2391,"Uniper","UNDEF","Existing",100000,0,
"Coalsupplyc6InternalCoal","Coalsupply","C6","Coal",1739,"Engie","UNDEF","Existing",100000,0,
"Refgassupplyc8InternalRefgas","Refgassupply","C8","Refgas",566,"BP","UNDEF","Existing",100000,0,
"Refgassupplyc11InternalRefgas","Refgassupply","C11","Refgas",327,"BP","UNDEF","Existing",100000,0,
"Refgassupplyc18InternalRefgas","Refgassupply","C18","Refgas",90,"Gunvor","UNDEF","Existing",100000,0,
"Refgassupplyc21InternalRefgas","Refgassupply","C21","Refgas",105,"Gunvor","UNDEF","Existing",100000,0,
"Refgassupplyc49InternalRefgas","Refgassupply","C49","Refgas",71,"Exxonmobil","UNDEF","Existing",100000,0,
"Refgassupplyc50InternalRefgas","Refgassupply","C50","Refgas",231,"Exxonmobil","UNDEF","Existing",100000,0,
"Refgassupplyc51InternalRefgas","Refgassupply","C51","Refgas",838,"Exxonmobil","UNDEF","Existing",100000,0,
"Refgassupplyc52InternalRefgas","Refgassupply","C52","Refgas",192,"Exxonmobil","UNDEF","Existing",100000,0,
"Refgassupplyc63InternalRefgas","Refgassupply","C63","Refgas",699,"Air Products (Pergen)","UNDEF","Existing",100000,0,
"Refgassupplyc67InternalRefgas","Refgassupply","C67","Refgas",129,"Shell","UNDEF","Existing",100000,0,
"Refgassupplyc70InternalRefgas","Refgassupply","C70","Refgas",92,"Shell","UNDEF","Existing",100000,0,
"Refgassupplyc73InternalRefgas","Refgassupply","C73","Refgas",680,"Shell","UNDEF","Existing",100000,0,
"S4TenneT380MV_line","S4","TenneT380MV_line","Electricity",1000,"TenneT","UNDEF","Existing",100000,0,
"c38d44InternalLtheat","C38","D44","Ltheat",224,"AVR","UNDEF","Existing",100000,0,
"TenneT150Geervl_custd45InternalElectricity","TenneT150Geervl_cust","D45","Electricity",375,"TenneT","UNDEF","Existing",100000,0,
"TenneT150Waalh_custd46InternalElectricity","TenneT150Waalh_cust","D46","Electricity",750,"TenneT","UNDEF","Existing",100000,0,
"TenneT150Geervl_lineTenneT150Geervl_custInternalElectricity","TenneT150Geervl_line","TenneT150Geervl_cust","Electricity",40000,"TenneT","UNDEF","Existing",1,0,
"TenneT150Waalh_lineTenneT150Waalh_custInternalElectricity","TenneT150Waalh_line","TenneT150Waalh_cust","Electricity",40000,"TenneT","UNDEF","Existing",1,0,
"BotA_MerseyHuntsmand47InternalElectricity","BotA_MerseyHuntsman","D47","Electricity",250,"Stedin","UNDEF","Existing",100000,0,
