,,"Data input for Windmaster project: current situation",,,,,,,,,,,,,,,,,,,,,,,,,,,,,,,,,,,
,,"Utility and H2 production profile per asset",,,,,,,,,,,,"Meuro","km",,,,,,,,,,,,,,,,,,,,,,
,,,,,,,,,,,,,,200,70.00,,,,,,,,,,,,,,,,,,,,,,
,,"Location area: is the cluster the asset has been located: Maasvlakte (MV), Europoort 1 (Eur1), Europoort 2 (Eur2), Europoort 3 (Eur3), Botlek 1 (Bot1), Botlek2 (Bot2), Pernis (Per)",,,,,,,,,,,,239.285714285714,83.75,,,,,,,,,,,,,,,,,,,,,,
,,"Asset type: conversion type, e.g. coal fired power plant, gas fired power plant, natgas fired cogen etc.",,,,,,,,,"Check capacities connections",,,105.714285714286,37.00,,,,,,,,,,,,,,,,,,,,,,
,,"Feedstock: energy input for conversion asset. E.g. natgas, refinery gas, coal etc.",,,,,,,,,"CHECK C conversion assets for utilization",,,,,,,,,,,,,,,,,,,,,,,,,,
,,,,,,,,,,,"Assumption: standard 25% overcapacity in transportcapacity per connection",,,,,,,,,,,,,,,,,,,,,,,,,,
,,"Electricity, steam, HT heat and H2 can be supplied to: 1) on site demand, 2) grids",,,,,,,,,"Assumption: standard 30% electricity consumption reduction in case heat pump is applied in combination with electric boiler (E_boiler_small option)",,,,,,,,,,,,,,,,,,,,,,,,,,
,,"Electricity, steam, HT heat, H2  supply code","Meaning",,,,,,,,"Assumption (current): TenneT150kVstation capacity=1000MW, TenneT380kVstation capacity=2000MW",,,,,,,,,,,,,,,,,,,,,,,,,,
,,0,"not applicable",,,,,,,,"Assumption (current): Stedin/Shell/Huntsman substation capacity=150 MW",,,,,,,,,,,,,,,,,,,,,,,,,,
,,1,"on site",,,,256,,,,"Assumption: APgrid1capacity = APgrid2 capacity= APgrid3 capacity: 100 MW_H2",,,,,,,,,,,,,,,,,,,,,,,,,,
,,2,"on site + to grid",,,,,,,,"Assumption: ALgrid1capacity = ALgrid2 capacity= ALgrid3 capacity = ALgrid4capacity: 500 MW_H2",,,,,,,,,,,,,,,,,,,,,,,,,,
,,3,"to grid",,,,,,,,,,,,,,,,,,,,,,,,,,,,,,,,,,
,,,,,,,,,,"X/Y based on map here : https://portofrotterdam.maps.arcgis.com/apps/webappviewer/index.html?id=19a593c767cc4142a4ef07ac3fa7fbd8",,,,,,,,,,,,,,,,,,,,,,,,,,,
,,,,,,,,,,,,,,,,,,,,,,,,,,,,,,,,,,,,,
,,"Make sure all text/variables / instreuctions/clarifications etc are in English !",,,,,,,,,,,,,,,,"define HT/LT difference",,,,,,,,,,,,,,,,,,,
,,"All strings are case sensitive!",,,,,,,,,,,,,,,,,,,,,,,,,,,,,,,,,,,
" Site's location within industrial cluster [MV_A/MV_B/EUR_A/EUR_B/EUR_C/BOT_A/BOT_B/PER]","Site ID [String]","Conversion asset ID [string] – Must be unique","Asset status (existing/   considered for construction/ planned for construction/ under construction / considered for decommissioning/planned for decommissioning/under decommissioning","Alternative for  asset (asset ID/UNDEF/0) IF 0 than completely new asset on site","Period option can be considered for construction (start year:end year)","Period of planned construction (start year:endyear)","Under construction period (start year:endyear)","Period option can be considered for disinvestment (start year:end year) or UNDEF","Duration of decommissioning (years) or UNDEF","X (center of site)","Y (center of site)","Asset description –  human readable form – [String]","Owner – {String]","Feedstocks of conversion assets– list of allowed strings, separated by : (Coal,Natgas, Refgas,Petcokes,Resfuel,Oilrest,Waste,Electricity,Steam:Htheat:Ltheat:H2]","Feedstocks input for conversion asset – MW, per feedstock, separated by :","Conversion efficiency to electricity [fraction], a list of numbers separated by : in the same order as the feedstocks field","Conversion efficiency to steam [fraction], , a list of numbers separated by : in the same order as the feedstocks field","Conversion efficiency to HT heat [fraction], , a list of numbers separated by : in the same order as the feedstocks field","Conversion efficiency to LT heat [fraction], , a list of numbers separated by : in the same order as the feedstocks field","Conversion efficiency to H2 [fraction], , a list of numbers separated by : in the same order as the feedstocks field","Conversion efficiency to Natgas [fraction], , a list of numbers separated by : in the same order as the feedstocks field","Utilization @ max. capacity [fraction of time], of conversion asset","CO2 emission factor [kg CO2/GJ feedstock], of conversion asset, seperated by : per feedstock type","Incoming Lines to conversion asset, list of unique strings of line names, separated by : WorldMarket , Environment if","Outgoing Lines from conversion asset, list of unique strings of line names, separated by : NULL if none, I.e. if  asset is demand","CAPEX (UNDEF / cost)","assetTypes","H2supplydemandcategory","connection_natgasnodes","Conversion efficiency to Coal [fraction], , a list of numbers separated by : in the same order as the feedstocks field","Conversion efficiency to Refgas [fraction], , a list of numbers separated by : in the same order as the feedstocks field","Conversion efficiency to Petcokes [fraction], , a list of numbers separated by : in the same order as the feedstocks field","Conversion efficiency to Resfuel [fraction], , a list of numbers separated by : in the same order as the feedstocks field","Conversion efficiency to Oilrest [fraction], , a list of numbers separated by : in the same order as the feedstocks field","Conversion efficiency to Waste [fraction], , a list of numbers separated by : in the same order as the feedstocks field","InvestID_electricity","InvestID_electricitystations"
"MV_B","Bungeloders_MVB","D1","existing","UNDEF","UNDEF","UNDEF","UNDEF","2030:2050",3,62586.08,442556.926,"Demand_Bungeloders _MVB","Bungeloderscroklaan","Electricity:Steam","10:7",0.00,0.00,0.00,0.00,0.00,0.00,0.91,0.00,"StedinMVd1InternalElectricity:c1d1InternalSteam","NULL","UNDEF",,,,0,0,0,0,0,0,,
"MV_B","Neste_MVB","D2","existing","UNDEF","UNDEF","UNDEF","UNDEF","2030:2050",3,62138.404,442769.652,"Demand_Neste MVB","Neste","Electricity:Steam:H2","10:16:119",0.00,0.00,0.00,0.00,0.00,0.00,0.91,0.00,"StedinMVd2InternalElectricity:MV_Steam1d2InternalSteam:AirliquideH2_1d2InternalH2","NULL","UNDEF",,"ChangecurrentH2demandb",,0,0,0,0,0,0,,
"MV_B","Lyondell_MVB","D3","existing","UNDEF","UNDEF","UNDEF","UNDEF","2030:2050",3,61166.852,443131.603,"Demand_Lyondell_MVB","Lyondellcovestro","Electricity:Steam:Steam","10:228:6",0.00,0.00,0.00,0.00,0.00,0.00,0.91,0.00,"StedinMVd3InternalElectricityd3:MV_Steam1d3InternalSteam:c2d3InternalSteam","NULL","UNDEF",,,,0,0,0,0,0,0,,
"MV_B","Bungeloders_MVB","C1","existing","UNDEF","UNDEF","UNDEF","UNDEF","2019:2030",1,62586.08,442556.926,"Natgas_boiler","Bungeloderscroklaan","Natgas","9",0.00,0.85,0.00,0.00,0.00,0.00,0.91,56.60,"GTS1bc1InternalGas","c1d1InternalSteam","UNDEF","Boiler","ChangecurrentH2demandb","GTS1b",0,0,0,0,0,0,,
"MV_B","Lyondell_MVB","C2","existing","UNDEF","UNDEF","UNDEF","UNDEF","2019:2030",1,61166.852,443131.603,"Natgas_boiler","Lyondellcovestro","Natgas","85",0.00,0.85,0.00,0.00,0.00,0.00,0.91,56.60,"GTS1bc2InternalGas","c2d3InternalSteam","UNDEF","Boiler","ChangecurrentH2demandb","GTS1b",0,0,0,0,0,0,,
"MV_B","Unipermpp3_MVB","C3","existing","UNDEF","UNDEF","UNDEF","UNDEF","2019:2030",3,61271.627,442090.201,"Coal_powergen","Uniper","Coal","2391",0.46,0.00,0.00,0.00,0.00,0.00,0.62,94.60,"Coalsupplyc3InternalCoal","c3MV_TenneT380InternalElectricity","UNDEF","Powergen_baseload",,,0,0,0,0,0,0,,
"MV_B","Uniperucml_MVB","C4","existing","UNDEF","UNDEF","UNDEF","UNDEF","2019:2050",2,61271.627,442090.201,"Natgas_cogen","Uniper","Natgas","128",0.31,0.49,0.00,0.00,0.00,0.00,0.80,56.60,"GTS1bc4InternalGas","c4MV_TenneT150InternalElectricity:c4MV_SteamgridInternalSteam","UNDEF","Cogen","ChangecurrentH2demandb","GTS1b",0,0,0,0,0,0,,
"MV_B","Uniperucml_MVB","C5","existing","UNDEF","UNDEF","UNDEF","UNDEF","2019:2030",1,61271.627,442090.201,"Natgas_boiler","Uniper","Natgas","128",0.00,0.85,0.00,0.00,0.00,0.00,0.80,56.60,"GTS1bc5InternalGas","c5MV_SteamgridInternalSteam","UNDEF","Boiler","ChangecurrentH2demandb","GTS1b",0,0,0,0,0,0,,
"MV_B","Engiecoal_MVB","C6","existing","UNDEF","UNDEF","UNDEF","UNDEF","2019:2030",3,64621.259,440464.597,"Coal_powergen","Engie","Coal","1739",0.46,0.00,0.00,0.00,0.00,0.00,0.62,94.60,"Coalsupplyc6InternalCoal","c6MV_TenneT380InternalElectricity","UNDEF","Powergen_baseload",,,0,0,0,0,0,0,,
"MV_B","GTSendpointbackbone1_MV","GTS1a","existing","UNDEF","UNDEF","UNDEF","UNDEF","UNDEF","UNDEF",62527.888,442901.378,"Node_GTSgrid","GTS","Natgas","20000",0.00,0.00,0.00,0.00,0.00,1.00,0.73,0.00,"GTSgrid1a","NULL","UNDEF",,,,0,0,0,0,0,0,,
"MV_B","GTSconnection_backbone1_MVeast","GTS1b","existing","UNDEF","UNDEF","UNDEF","UNDEF","UNDEF","UNDEF",60827.156,442247.993,"Node_GTSgrid","GTS","Natgas","438",0.00,0.00,0.00,0.00,0.00,1.00,0.73,0.00,"GTSgrid1b","GTS1bc1InternalGas:GTS1bc2InternalGas:GTS1bc4InternalGas:GTS1bc5InternalGas:GTSgrid1a","UNDEF",,,,0,0,0,0,0,0,,
"MV_B","Stedinsubstation_MVB","StedinMV","existing","UNDEF","UNDEF","UNDEF","UNDEF","UNDEF","UNDEF",61309.742,441615.119,"Substation_Stedin","Stedin","Electricity","240",1.00,0.00,0.00,0.00,0.00,0.00,0.73,0.00,"TenneT150MVStedinMV","StedinMVd1InternalElectricity:StedinMVd2InternalElectricity:StedinMV3d3InternalElectricity:StedinMVd39InternalElectricity","UNDEF",,,,0,0,0,0,0,0,,"Station_Stedin_extension"
"MV_B","SteamgridconnectionNesteLyondell_MVB","MV_Steam1","existing","UNDEF","UNDEF","UNDEF","UNDEF","UNDEF","UNDEF",61396.515,442885.535,"Connection_steamgrid","Uniper","Steam","305",0.00,1.00,0.00,0.00,0.00,0.00,0.97,0.00,"MV_Steamgrid","MV_Steam1d2InternalSteam:MV_Steam1d3InternalSteam","UNDEF",,,,0,0,0,0,0,0,,
"MV_B","SteamgridconnectionUniper_MVB","MV_Steam2","existing","UNDEF","UNDEF","UNDEF","UNDEF","UNDEF","UNDEF",60111.685,441103.292,"Connection_steamgrid","Uniper","Steam","305",0.00,1.00,0.00,0.00,0.00,0.00,0.73,0.00,"c4MV_Steam2InternalSteam:c5MV_Steam2InternalSteam","MV_Steamgrid","UNDEF",,,,0,0,0,0,0,0,,
"MV_B","AirliquideH2gridconnectionNeste_MVB","AirliquideH2_1","existing","UNDEF","UNDEF","UNDEF","UNDEF","UNDEF","UNDEF",62063.274,443086.719,"Connection_H2gridAirliquide","Airliquide","H2","149",0.00,0.00,0.00,0.00,1.00,0.00,0.91,0.00,"Airliquidegrid1","AirliquideH2_1d2InternalH2","UNDEF",,,,0,0,0,0,0,0,,
"Eur_A","BP_refinery_EurA","D4","existing","UNDEF","UNDEF","UNDEF","UNDEF","2025:2050",4,66754.863,440699.548,"Demand_BP_EurC","BP","Electricity:Htheat:Htheat:Htheat:Steam:Steam:Steam:H2:H2","115:120:453:130:74:278:79:159:13",0.00,0.00,0.00,0.00,0.00,0.00,0.74,0.00,"TenneT150Eurd4InternalElectricity:c7d4InternalHtheat:c8d4InternalHtheat:c9d4InternalHtheat:c10d4InternalSteam:c11d4InternalSteam:c12d4InternalSteam:AirliquideH2_2d4InternalH2","NULL","UNDEF",,"ChangecurrentH2demandc",,0,0,0,0,0,0,,
"Eur_A","Indorama_EurA","D5","existing","UNDEF","UNDEF","UNDEF","UNDEF","2030:2050",3,66411.963,442214.026,"Demand_Indorama_EurC","Indorama","Electricity:Steam","10:32",0.00,0.00,0.00,0.00,0.00,0.00,0.91,0.00,"c14d5InternalElectricity:c14d5InternalSteam","NULL","UNDEF",,,,0,0,0,0,0,0,,
"Eur_A","ADM_EurA","D6","existing","UNDEF","UNDEF","UNDEF","UNDEF","2030:2050",3,68085.191,441690.15,"Demand_ADM_EurC","ADM","Electricity:Steam:Steam","10:34:19",0.00,0.00,0.00,0.00,0.00,0.00,0.91,0.00,"c15d6InternalElectricity:c15d6InternalSteam:c16d6InternalSteam","NULL","UNDEF",,,,0,0,0,0,0,0,,
"Eur_A","BP_refinery_EurA","C7","existing","UNDEF","UNDEF","UNDEF","UNDEF","2025:2035",2,66754.863,440699.548,"Natgas_furnace","BP","Natgas","150",0.00,0.80,0.00,0.00,0.00,0.00,0.74,56.60,"GTS2cc7InternalGas","c7d4InternalHtheat","UNDEF","Furnace","ChangecurrentH2demandc","GTS2c",0,0,0,0,0,0,,
"Eur_A","BP_refinery_EurA","C8","existing","UNDEF","UNDEF","UNDEF","UNDEF","2030:2050",2,66754.863,440699.548,"Refgas_furnaceBP","BP","Refgas","566",0.00,0.80,0.00,0.00,0.00,0.00,0.74,67.00,"Refgassupplyc8InternalRefgas","c8d4InternalHtheat","UNDEF","Furnace","ChangecurrentH2demandc",,0,0,0,0,0,0,,
"Eur_A","BP_refinery_EurA","C9","existing","UNDEF","UNDEF","UNDEF","UNDEF","2030:2050",2,66754.863,440699.548,"Petcoke_furnaceBP","BP","Petcokes","162",0.00,0.80,0.00,0.00,0.00,0.00,0.74,97.50,"Petcokessupplyc9InternalPetcokes","c9d4InternalHtheat","UNDEF","Furnace","ChangecurrentH2demandc",,0,0,0,0,0,0,,
"Eur_A","BP_refinery_EurA","C10","existing","UNDEF","UNDEF","UNDEF","UNDEF","2019:2030",1,66754.863,440699.548,"Natgas_boiler","BP","Natgas","87",0.00,0.85,0.00,0.00,0.00,0.00,0.74,56.60,"GTS2cc10InternalGas","c10d4InternalSteam","UNDEF","Boiler","ChangecurrentH2demandc","GTS2c",0,0,0,0,0,0,,
"Eur_A","BP_refinery_EurA","C11","existing","UNDEF","UNDEF","UNDEF","UNDEF","2030:2050",1,66754.863,440699.548,"Refgas_boilerBP","BP","Refgas","327",0.00,0.85,0.00,0.00,0.00,0.00,0.74,67.00,"Refgassupplyc11InternalRefgas","c11d4InternalSteam","UNDEF","Boiler","ChangecurrentH2demandc",,0,0,0,0,0,0,,
"Eur_A","BP_refinery_EurA","C12","existing","UNDEF","UNDEF","UNDEF","UNDEF","2030:2050",1,66754.863,440699.548,"Petcoke_boilerBP","BP","Petcokes","93",0.00,0.85,0.00,0.00,0.00,0.00,0.74,97.50,"Petcokessupplyc12InternalPetcokes","c12d4InternalSteam","UNDEF","Boiler","ChangecurrentH2demandc",,0,0,0,0,0,0,,
"Eur_A","Enecogen_EurA","C13","existing","UNDEF","UNDEF","UNDEF","UNDEF","2025:2040",3,65942.062,441807.625,"Natgas_powergen","Eneco_Enecogen","Natgas","1475",0.59,0.00,0.00,0.00,0.00,0.00,0.50,56.60,"GTS1cc13internalGas","c13MV_TenneT380InternalElectricity","UNDEF","Powergen_flexible","ChangecurrentH2demandc","GTS1c",0,0,0,0,0,0,,
"Eur_A","Indorama_EurA","C14","existing","UNDEF","UNDEF","UNDEF","UNDEF","2019:2040",2,66411.963,442214.026,"Natgas_cogen","Indorama","Natgas","91",0.31,0.49,0.00,0.00,0.00,0.00,0.69,56.60,"GTS2cc14internalGas","c14StedinEurInternalElectricity:c14d5InternalElectricity:c14d5InternalSteam","UNDEF","Cogen","ChangecurrentH2demandc","GTS2c",0,0,0,0,0,0,,
"Eur_A","ADM_EurA","C15","existing","UNDEF","UNDEF","UNDEF","UNDEF","2019:2040",2,68085.191,441690.15,"Natgas_cogen","ADM","Natgas","70",0.31,0.49,0.00,0.00,0.00,0.00,0.91,56.60,"GTS2cc15internalGas","c15StedinEurInternalElectricity:c15d6InternalElectricity:c15d6InternalSteam","UNDEF","Cogen","ChangecurrentH2demandc","GTS2c",0,0,0,0,0,0,,
"Eur_A","ADM_EurA","C16","existing","UNDEF","UNDEF","UNDEF","UNDEF","2019:2030",1,68085.191,441690.15,"Natgas_boiler","ADM","Natgas","23",0.00,0.85,0.00,0.00,0.00,0.00,0.91,56.60,"GTS2cc16internalGas","c16d6InternalSteam","UNDEF","Boiler","ChangecurrentH2demandc","GTS2c",0,0,0,0,0,0,,
"Eur_A","GTSconnection_backbone1_Eureast","GTS1c","existing","UNDEF","UNDEF","UNDEF","UNDEF","UNDEF","UNDEF",66965.468,441539.157,"Node_GTSgrid","GTS","Natgas","1844",0.00,0.00,0.00,0.00,0.00,1.00,0.59,0.00,"GTSgrid1c","GTS1cc13internalGas:GTSgrid1b","UNDEF",,,,0,0,0,0,0,0,,
"Eur_A","Stedinsubstation_EurA","StedinEur","existing","UNDEF","UNDEF","UNDEF","UNDEF","UNDEF","UNDEF",69645.142,439608.722,"Substation_Stedin","Stedin","Electricity","240",1.00,0.00,0.00,0.00,0.00,0.00,0.73,0.00,"TenneT150EurStedinEur","StedinEurd5InternalElectricity:StedinEurd6InternalElectricity:StedinEurd7InternalElectricity:StedinEurd8InternalElectricity:StedinEurd9InternalElectricity:StedinEurd10InternalElectricity:StedinEurd11InternalElectricity:StedinEurd40InternalElectricity","UNDEF",,,,0,0,0,0,0,0,,"Station_Stedin_extension"
"Eur_A","AirliquideH2gridconnectionBP_EurA","AirliquideH2_2","existing","UNDEF","UNDEF","UNDEF","UNDEF","UNDEF","UNDEF",66656.413,439731.499,"Connection_H2gridAirliquide","Airliquide","H2","199",0.00,0.00,0.00,0.00,1.00,0.00,0.59,0.00,"Airliquidegrid2","AirliquideH2_2d4InternalH2","UNDEF",,,,0,0,0,0,0,0,,
"Eur_A","AirproductsH2gridconnectionBP_EurA","AirproductsH2_1","existing","UNDEF","UNDEF","UNDEF","UNDEF","UNDEF","UNDEF",66808.853,439702.083,"Connection_H2gridAirproducts","Airproducts","H2","16",0.00,0.00,0.00,0.00,1.00,0.00,0.59,0.00,"Airproductsgrid1","AirproductsH2_1d4InternalH2","UNDEF",,,,0,0,0,0,0,0,,
"Eur_B","Gunvor_EurB","D7","existing","UNDEF","UNDEF","UNDEF","UNDEF","2030:2050",3,71310.997,439216.82,"Demand_Gunvor_EurB","Gunvor","Electricity:Htheat:Htheat:Htheat:Steam:Steam:Steam:H2","25:19:72:21:24:89:26:38",0.00,0.00,0.00,0.00,0.00,0.00,0.62,0.00,"StedinEurd7InternalElectricity:c17d7InternalHtheat:c18d7InternalHtheat:c19d7InternalHtheat:c20d7InternalSteam:c21d7InternalSteam:c22d7InternalSteam:AirliquideH2_3d7InternalH2","NULL","UNDEF",,"ChangecurrentH2demandc",,0,0,0,0,0,0,,
"Eur_B","Gunvor_EurB","C17","existing","UNDEF","UNDEF","UNDEF","UNDEF","2025:2035",2,71310.997,439216.82,"Natgas_furnace","Gunvor","Natgas","24",0.00,0.80,0.00,0.00,0.00,0.00,0.62,56.60,"GTS2cc17InternalGas","c17d7InternalHtheat","UNDEF","Furnace","ChangecurrentH2demandc","GTS2c",0,0,0,0,0,0,,
"Eur_B","Gunvor_EurB","C18","existing","UNDEF","UNDEF","UNDEF","UNDEF","2030:2050",2,71310.997,439216.82,"Refgas_furnaceGunvor","Gunvor","Refgas","90",0.00,0.80,0.00,0.00,0.00,0.00,0.62,67.00,"Refgassupplyc18InternalRefgas","c18d7InternalHtheat","UNDEF","Furnace","ChangecurrentH2demandc",,0,0,0,0,0,0,,
"Eur_B","Gunvor_EurB","C19","existing","UNDEF","UNDEF","UNDEF","UNDEF","2030:2050",2,71310.997,439216.82,"Petcoke_furnaceGunvor","Gunvor","Petcokes","26",0.00,0.80,0.00,0.00,0.00,0.00,0.62,97.50,"Petcokessupplyc19InternalPetcokes","c19d7InternalHtheat","UNDEF","Furnace","ChangecurrentH2demandc",,0,0,0,0,0,0,,
"Eur_B","Gunvor_EurB","C20","existing","UNDEF","UNDEF","UNDEF","UNDEF","2019:2030",1,71310.997,439216.82,"Natgas_boiler","Gunvor","Natgas","28",0.00,0.85,0.00,0.00,0.00,0.00,0.62,56.60,"GTS2cc20InternalGas","c20d7InternalSteam","UNDEF","Boiler","ChangecurrentH2demandc","GTS2c",0,0,0,0,0,0,,
"Eur_B","Gunvor_EurB","C21","existing","UNDEF","UNDEF","UNDEF","UNDEF","2030:2050",1,71310.997,439216.82,"Refgas_boilerGunvor","Gunvor","Refgas","105",0.00,0.85,0.00,0.00,0.00,0.00,0.62,67.00,"Refgassupplyc21InternalRefgas","c21d7InternalSteam","UNDEF","Boiler","ChangecurrentH2demandc",,0,0,0,0,0,0,,
"Eur_B","Gunvor_EurB","C22","existing","UNDEF","UNDEF","UNDEF","UNDEF","2030:2050",1,71310.997,439216.82,"Petcoke_boilerGunvor","Gunvor","Petcokes","30",0.00,0.85,0.00,0.00,0.00,0.00,0.62,97.50,"Petcokessupplyc22InternalPetcokes","c22d7InternalSteam","UNDEF","Boiler","ChangecurrentH2demandc",,0,0,0,0,0,0,,
"MV_B","GTSconnection_backbone2_MVeast","GTS2b","existing","UNDEF","UNDEF","UNDEF","UNDEF","UNDEF","UNDEF",60829.156,442249.993,"Node_GTSgrid","GTS","Natgas","8000",0.00,0.00,0.00,0.00,0.00,1.00,0.59,0.00,"GTSgrid2b","NULL","UNDEF",,,,0,0,0,0,0,0,,
"Eur_B","GTSconnection_backbone2_Eureast","GTS2c","existing","UNDEF","UNDEF","UNDEF","UNDEF","UNDEF","UNDEF",71203.022,438719.752,"Node_GTSgrid","GTS","Natgas","4000",0.00,0.00,0.00,0.00,0.00,1.00,0.59,0.00,"GTSgrid2c","GTS2cc7InternalGas:GTS2cc10InternalGas:GTS2cc14InternalGas:GTS2cc15InternalGas:GTS2cc16InternalGas:GTS2cc17InternalGas:GTS2cc20InternalGas:GTS2cc23InternalGas:GTS2cc24InternalGas:GTS2cc25InternalGas:GTS2cc26InternalGas:GTS2cc27InternalGas:GTSgrid2b","UNDEF",,,,0,0,0,0,0,0,,
"Eur_B","AirproductsH2gridconnectionGunvor_EurB","AirproductsH2_2","existing","UNDEF","UNDEF","UNDEF","UNDEF","UNDEF","UNDEF",71423.145,438461.497,"Connection_H2gridAirproducts","Airproducts","H2","48",0.00,0.00,0.00,0.00,1.00,0.00,0.59,0.00,"Airproductsgrid2","AirproductsH2_2d7InternalH2","UNDEF",,,,0,0,0,0,0,0,,
"Bot_A","AirproductsH2gridnode_BotA","AirproductsH2_3","existing","UNDEF","UNDEF","UNDEF","UNDEF","UNDEF","UNDEF",78361.651,431887.472,"Gridnode_AirproductsH2","Airproducts","H2","100",0.00,0.00,0.00,0.00,1.00,0.00,1.00,0.00,"Airproductsgrid2","Airproductsgrid3","UNDEF",,,,0,0,0,0,0,0,,
"Eur_B","AirliquideH2gridenodeEuropoort","AirliquideH2_3","existing","UNDEF","UNDEF","UNDEF","UNDEF","UNDEF","UNDEF",71279.228,438639.694,"Gridnode_AirliquideH2","Airliquide","H2","1000",0.00,0.00,0.00,0.00,1.00,0.00,1.00,0.00,"Airliquidegrid2","Airliquidegrid3","UNDEF",,,,0,0,0,0,0,0,,
"Eur_C","Alco_Energy_EurC","D8","existing","UNDEF","UNDEF","UNDEF","UNDEF","2030:2050",3,71942.824,438353.218,"Demand_Alco_Energy_EurC","Alco Energy","Electricity:Steam","10:74",0.00,0.00,0.00,0.00,0.00,0.00,0.91,0.00,"StedinEurd8InternalElectricity:c23d8InternalSteam","NULL","UNDEF",,,,0,0,0,0,0,0,,
"Eur_C","Caldic_EurC","D9","existing","UNDEF","UNDEF","UNDEF","UNDEF","2030:2050",3,72117.449,438826.294,"Demand_Caldic_EurC","Caldic","Electricity:Steam","10:7",0.00,0.00,0.00,0.00,0.00,0.00,0.91,0.00,"StedinEurd9InternalElectricity:c24d9InternalSteam","NULL","UNDEF",,,,0,0,0,0,0,0,,
"Eur_C","Exxonmobil_EurC","D10","existing","UNDEF","UNDEF","UNDEF","UNDEF","2030:2050",3,72428.6,438486.568,"Demand_Exxonmobil_EurC","Exxonmobil","Electricity:Steam","10:26",0.00,0.00,0.00,0.00,0.00,0.00,0.91,0.00,"StedinEurd10InternalElectricity:c25d10InternalSteam","NULL","UNDEF",,,,0,0,0,0,0,0,,
"Eur_C","Koch_EurC","D11","existing","UNDEF","UNDEF","UNDEF","UNDEF","2025:2035",3,74679.679,436549.814,"Demand_Koch_EurC","Koch","Electricity:Htheat:Steam","20:15:19",0.00,0.00,0.00,0.00,0.00,0.00,0.62,0.00,"StedinEurd11InternalElectricity:c26d11InternalHtheat:c27d11InternalSteam","NULL","UNDEF",,,,0,0,0,0,0,0,,
"Eur_C","Alco_Energy_EurC","C23","existing","UNDEF","UNDEF","UNDEF","UNDEF","2019:2040",2,71942.824,438353.218,"Natgas_cogen","Alco Energy","Natgas","150",0.31,0.49,0.00,0.00,0.00,0.00,0.50,56.60,"GTS2cc23internalGas","c23StedinEurInternalElectricity:c23d8InternalElectricity:c23d8InternalSteam","UNDEF","Cogen","ChangecurrentH2demandc","GTS2c",0,0,0,0,0,0,,
"Eur_C","Caldic_EurC","C24","existing","UNDEF","UNDEF","UNDEF","UNDEF","2019:2030",1,72117.449,438826.294,"Natgas_boiler","Caldic","Natgas","9",0.00,0.85,0.00,0.00,0.00,0.00,0.91,56.60,"GTS2cc24internalGas","c24d9InternalSteam","UNDEF","Boiler","ChangecurrentH2demandc","GTS2c",0,0,0,0,0,0,,
"Eur_C","Exxonmobil_EurC","C25","existing","UNDEF","UNDEF","UNDEF","UNDEF","2019:2030",1,72428.6,438486.568,"Natgas_boiler","Exxonmobil","Natgas","31",0.00,0.85,0.00,0.00,0.00,0.00,0.91,56.60,"GTS2cc25internalGas","c25d10InternalSteam","UNDEF","Boiler","ChangecurrentH2demandc","GTS2c",0,0,0,0,0,0,,
"Eur_C","Koch_EurC","C26","existing","UNDEF","UNDEF","UNDEF","UNDEF","2025:2035",2,74679.679,436549.814,"Natgas_furnace","Koch","Natgas","31",0.00,0.80,0.00,0.00,0.00,0.00,0.62,56.60,"GTS2cc26internalGas","c26d11InternalHtheat","UNDEF","Furnace","ChangecurrentH2demandc","GTS2c",0,0,0,0,0,0,,
"Eur_C","Koch_EurC","C27","existing","UNDEF","UNDEF","UNDEF","UNDEF","2019:2030",1,74679.679,436549.814,"Natgas_boiler","Koch","Natgas","36",0.00,0.85,0.00,0.00,0.00,0.00,0.62,56.60,"GTS2cc27internalGas","c27d11InternalSteam","UNDEF","Boiler","ChangecurrentH2demandc","GTS2c",0,0,0,0,0,0,,
"Bot_A","Ducor_BotA","D12","existing","UNDEF","UNDEF","UNDEF","UNDEF","2030:2050",3,76168.757,434301.91,"Demand_Ducor_BotA","Ducor","Electricity:Steam:Steam","10:5:23",0.00,0.00,0.00,0.00,0.00,0.00,0.91,0.00,"BotA_MerseyHuntsmand12InternalElectricity:c28d12InternalSteam:c29d12InternalSteam","NULL","UNDEF",,,,0,0,0,0,0,0,,
"Bot_A","Air_Liquide_BotA","D13","existing","UNDEF","UNDEF","UNDEF","UNDEF","2030:2050",3,76965.684,434098.71,"Demand_Air_Liquide_BotA","Airliquide","Electricity:Steam","10:28",0.00,0.00,0.00,0.00,0.00,0.00,0.91,0.00,"BotA_MerseyHuntsmand13InternalElectricity:c29d13InternalSteam","NULL","UNDEF",,,,0,0,0,0,0,0,,
"Bot_A","Invista_BotA","D14","existing","UNDEF","UNDEF","UNDEF","UNDEF","2030:2050",3,77108.559,433987.584,"Demand_Invista_BotA","Invista","Electricity:Steam","10:22:6",0.00,0.00,0.00,0.00,0.00,0.00,0.91,0.00,"BotA_MerseyHuntsmand14InternalElectricity:c29d14InternalSteam:c30d14InternalSteam","NULL","UNDEF",,,,0,0,0,0,0,0,,
"Bot_A","Lucite_BotA","D15","existing","UNDEF","UNDEF","UNDEF","UNDEF","2030:2050",3,77010.134,433666.909,"Demand_Lucite_BotA","Lucite","Electricity:Steam","10:28",0.00,0.00,0.00,0.00,0.00,0.00,0.91,0.00,"BotA_MerseyHuntsmand15InternalElectricity:c30d15InternalSteam","NULL","UNDEF",,,,0,0,0,0,0,0,,
"Bot_A","Huntsman_BotA","D16","existing","UNDEF","UNDEF","UNDEF","UNDEF","2030:2050",3,76400.533,433844.709,"Demand_Huntsman_BotA","Huntsman","Electricity:Steam","10:23",0.00,0.00,0.00,0.00,0.00,0.00,0.91,0.00,"BotA_MerseyHuntsmand16InternalElectricity:c30d16InternalSteam","NULL","UNDEF",,,,0,0,0,0,0,0,,
"Bot_A","Ducor_BotA","C28","existing","UNDEF","UNDEF","UNDEF","UNDEF","2019:2030",1,76189.893,434291.682,"Natgas_boiler","Ducor","Natgas","6",0.00,0.85,0.00,0.00,0.00,0.00,0.91,56.60,"GTS3dc28internalGas","c28d12InternalSteam","UNDEF","Boiler","ChangecurrentH2demandd","GTS3d",0,0,0,0,0,0,,
"Bot_A","Air_Liquide_BotA","C29","existing","UNDEF","UNDEF","UNDEF","UNDEF","2019:2040",2,76873.608,434035.209,"Natgas_cogen_Enecal","Airliquide_Enecal","Natgas","156",0.31,0.49,0.00,0.00,0.00,0.00,0.50,56.60,"GTS2dc29internalGas","c29TenneT150MerseyInternalElectricity:c29d12InternalSteam:c29d13InternalSteam:c29d14InternalSteam","UNDEF","Cogen","ChangecurrentH2demandd","GTS2d",0,0,0,0,0,0,,
"Bot_A","Air_Liquide_BotA","C30","existing","UNDEF","UNDEF","UNDEF","UNDEF","2019:2040",2,76860.908,433993.934,"Natgas_cogen_Eurogen","Airliquide_Eurogen","Natgas","286",0.31,0.49,0.00,0.00,0.00,0.00,0.57,56.60,"GTS2dc30InternalGas","c30TenneT150MerseyInternalElectricity:c30d15InternalSteam:c30d16InternalSteam","UNDEF","Cogen","ChangecurrentH2demandd","GTS2d",0,0,0,0,0,0,,
"Bot_A","Air_Liquide_BotA","C31","existing","UNDEF","UNDEF","UNDEF","UNDEF","2030:2050",3,76965.684,434098.71,"Natgas_SMR_ALold","Airliquide","Natgas","471",0.00,0.00,0.00,0.00,0.75,0.00,0.34,56.60,"GTS1dc31InternalGas","c31AirliquideH2_4InternalH2","UNDEF","SMR",,"GTS1d",0,0,0,0,0,0,,
"Bot_A","Air_Liquide_BotA","C32","existing","UNDEF","UNDEF","UNDEF","UNDEF","2030:2050",3,76952.984,433965.359,"Natgas_SMR_ALnew","Airliquide","Natgas","520",0.00,0.00,0.00,0.00,0.75,0.00,1.00,56.60,"GTS1dc32InternalGas","c32AirliquideH2_4InternalH2","UNDEF","SMR",,"GTS1d",0,0,0,0,0,0,,
"Bot_A","Invista_BotA","C33","existing","UNDEF","UNDEF","UNDEF","UNDEF","2019:2030",1,77108.559,433987.584,"Natgas_boiler","Invista","Natgas","5",0.00,0.85,0.00,0.00,0.00,0.00,0.91,56.60,"GTS3dc33InternalGas","c33d14InternalSteam","UNDEF","Boiler","ChangecurrentH2demandd","GTS3d",0,0,0,0,0,0,,
"Eur_B","GTSconnection_backbone3_Eureast","GTS3c","existing","UNDEF","UNDEF","UNDEF","UNDEF","UNDEF","UNDEF",71223.022,438739.752,"Node_GTSgrid","GTS","Natgas","20000",0.00,0.00,0.00,0.00,0.00,1.00,0.59,0.00,"GTSgrid3c","NULL","UNDEF",,,,0,0,0,0,0,0,,
"Bot_A","GTSconnection_backbone3_Perniseast","GTS3d","existing","UNDEF","UNDEF","UNDEF","UNDEF","UNDEF","UNDEF",76048.082,433703.242,"Node_GTSgrid","GTS","Natgas","189",0.00,0.00,0.00,0.00,0.00,1.00,0.59,0.00,"GTSgrid3d","GTS3dc28InternalGas:GTS3dc33InternalGas:GTS3dc53InternalGas:GTS3dc43InternalGas:GTS3dc35InternalGas:GTS3dc34InternalGas:GTS3dc39InternalGas:GTS3dc42InternalGas:GTSgrid3c","UNDEF",,,,0,0,0,0,0,0,,
"Bot_A","GTSconnection_backbone1_Perniseast","GTS1d","existing","UNDEF","UNDEF","UNDEF","UNDEF","UNDEF","UNDEF",76930.734,433442.891,"Node_GTSgrid","GTS","Natgas","4989",0.00,0.00,0.00,0.00,0.00,1.00,0.59,0.00,"GTSgrid1d","GTS1dc31InternalGas:GTS1dc32InternalGas:GTS1dc36InternalGas:GTS1dc37InternalGas:GTS1dc59InternalGas:GTS1dc60InternalGas:GTS1dc61InternalGas:GTS1dc62InternalGas:GTS1dc66InternalGas:GTS1dc69InternalGas:GTS1dc72InternalGas:GTS1dd37InternalGas:GTSgrid1c:GTSgrid2d","UNDEF",,,,0,0,0,0,0,0,,
"Bot_A","Huntsmansubstation_BotA","BotA_MerseyHuntsman","existing","UNDEF","UNDEF","UNDEF","UNDEF","UNDEF","UNDEF",76553.964,433985.817,"Substation_Huntsman","Huntsman","Electricity","240",1.00,0.00,0.00,0.00,0.00,0.00,0.73,0.00,"TenneT150MerseyBotA_MerseyHuntsman","BotA_MerseyHuntsmand12InternalElectricity:BotA_MerseyHuntsmand13InternalElectricity:BotA_MerseyHuntsmand14InternalElectricity:BotA_MerseyHuntsmand15InternalElectricity:BotA_MerseyHuntsmand16InternalElectricity","UNDEF",,,,0,0,0,0,0,0,,"Station_Stedin_extension"
"Bot_A","SteamgridconnectionInvistaLucite_BotA","BotA_Steam3","existing","UNDEF","UNDEF","UNDEF","UNDEF","UNDEF","UNDEF",77023.88,433815.637,"Connection_steamgrid","Airliquide","Steam","100",0.00,1.00,0.00,0.00,0.00,0.00,0.91,0.00,"BotA_Steamgrid","BotA_Steam3d14internalSteam:BotA_Steam3d15internalSteam","UNDEF",,,,0,0,0,0,0,0,,
"Bot_A","SteamgridconnectionDucorAirliqEnecalEurogenhuntsman_BotA","BotA_Steam4","existing","UNDEF","UNDEF","UNDEF","UNDEF","UNDEF","UNDEF",76431.217,434012.488,"Connection_steamgrid","Airliquide","Steam","100",0.00,1.00,0.00,0.00,0.00,0.00,0.97,0.00,"BotA_Steamgrid","BotA_Steam4d12internalSteam:BotA_Steam4d13internalSteam:BotA_Steam4d16internalSteam:BotA_Steam4c29internalSteam:BotA_Steam4c30internalSteam","UNDEF",,,,0,0,0,0,0,0,,
"Bot_A","AirliquideH2gridconnectionSMRsAirliquide","AirliquideH2_4","existing","UNDEF","UNDEF","UNDEF","UNDEF","UNDEF","UNDEF",77042.93,434158.538,"Connection_H2gridAirliquide","Airliquide","H2","929",0.00,0.00,0.00,0.00,1.00,0.00,0.59,0.00,"Airliquidegrid4","c31AirliquideH2_4InternalH2:c32AirliquideH2_4InternalH2","UNDEF",,,,0,0,0,0,0,0,,
"Bot_A","Almatis_BotA","D17","existing","UNDEF","UNDEF","UNDEF","UNDEF","2030:2050",3,75975.082,433555.783,"Demand_Almatis_BotA","Almatis","Electricity:Steam","10:10",0.00,0.00,0.00,0.00,0.00,0.00,0.91,0.00,"StedinTheemsd17InternalElectricity:c34d17InternalSteam","NULL","UNDEF",,,,0,0,0,0,0,0,,
"Bot_A","Climax_BotA","D18","existing","UNDEF","UNDEF","UNDEF","UNDEF","2030:2050",3,76613.317,433308.133,"Demand_Climax_BotA","Climax","Electricity:Steam","10:4",0.00,0.00,0.00,0.00,0.00,0.00,0.91,0.00,"StedinTheemsd18InternalElectricity:c35d18InternalSteam","NULL","UNDEF",,,,0,0,0,0,0,0,,
"Bot_A","Lyondell_BotA","D19","existing","UNDEF","UNDEF","UNDEF","UNDEF","2030:2050",3,77007.018,432927.132,"Demand_Lyondell_BotA","Lyondell","Electricity:Steam:Steam","56:79:89",0.00,0.00,0.00,0.00,0.00,0.00,0.91,0.00,"StedinTheemsd19InternalElectricity:c36d19InternalSteam:c37d19InternalSteam","NULL","UNDEF",,,,0,0,0,0,0,0,,
"Bot_A","Air_Products_BotA","D20","existing","UNDEF","UNDEF","UNDEF","UNDEF","2030:2050",3,77349.919,432574.706,"Demand_Air_Products_BotA","Air Products","Electricity","10",0.00,0.00,0.00,0.00,0.00,0.00,0.91,0.00,"BotA_MerseyHuntsmand20InternalElectricity","NULL","UNDEF",,,,0,0,0,0,0,0,,
"Bot_A","Almatis_BotA","C34","existing","UNDEF","UNDEF","UNDEF","UNDEF","2019:2030",1,75975.082,433555.783,"Natgas_boiler","Almatis","Natgas","12",0.00,0.85,0.00,0.00,0.00,0.00,0.91,56.60,"GTS3dc34InternalGas","c34d17InternalSteam","UNDEF","Boiler","ChangecurrentH2demandd","GTS3d",0,0,0,0,0,0,,
"Bot_A","Climax_BotA","C35","existing","UNDEF","UNDEF","UNDEF","UNDEF","2019:2030",1,76613.317,433308.133,"Natgas_boiler","Climax","Natgas","5",0.00,0.85,0.00,0.00,0.00,0.00,0.91,56.60,"GTS3dc35InternalGas","c35d18internalSteam","UNDEF","Boiler","ChangecurrentH2demandd","GTS3d",0,0,0,0,0,0,,
"Bot_A","Air_Products_BotA","C36","existing","UNDEF","UNDEF","UNDEF","UNDEF","2019:2040",2,79164.435,431909.543,"Natgas_cogen","Air Products","Natgas","312",0.31,0.49,0.00,0.00,0.00,0.00,0.50,56.60,"GTS1dc36InternalGas","c36TenneT150MerseyInternalElectricity:c36d19InternalSteam","UNDEF","Cogen","ChangecurrentH2demandd","GTS1d",0,0,0,0,0,0,,
"Bot_A","Lyondell_BotA","C37","existing","UNDEF","UNDEF","UNDEF","UNDEF","2019:2040",2,77007.018,432927.132,"Natgas_cogen","Lyondell","Natgas","181",0.31,0.49,0.00,0.00,0.00,0.00,0.91,56.60,"GTS1dc37internalGas","c37TenneT150TheemsInternalElectricity:c37d19InternalSteam","UNDEF","Cogen","ChangecurrentH2demandd","GTS1d",0,0,0,0,0,0,,
"Bot_A","StedinTheems","StedinTheems","existing","UNDEF","UNDEF","UNDEF","UNDEF","UNDEF","UNDEF",76407.96,433521.362,"Substation_Stedin","Stedin","Electricity","240",1.00,0.00,0.00,0.00,0.00,0.00,0.76,0.00,"TenneT150TheemsStedinTheems","StedinTheemsd17InternalElectricity:StedinTheemsd18InternalElectricity:StedinTheemsd19InternalElectricity:StedinTheemsd42InternalElectricity","UNDEF",,,,0,0,0,0,0,0,,"Station_Stedin_extension"
"Bot_A","Tronox_BotA","D21","existing","UNDEF","UNDEF","UNDEF","UNDEF","2030:2050",3,78108.745,434901.986,"Demand_Tronox_BotA","Tronox","Electricity:Htheat","10:45",0.00,0.00,0.00,0.00,0.00,0.00,0.91,0.00,"StedinGerbrandd21InternalElectricity:c39d21InternalHtheat","NULL","UNDEF",,,,0,0,0,0,0,0,,
"Bot_A","Cabot_BotA","D22","existing","UNDEF","UNDEF","UNDEF","UNDEF","2030:2050",3,77829.345,434317.785,"Demand_Cabot_BotA","Cabot","Electricity:Htheat:Htheat","10:52:19",0.00,0.00,0.00,0.00,0.00,0.00,0.91,0.00,"StedinGerbrandd22InternalElectricity:c41d22InternalHtheat:c42d22InternalHtheat","NULL","UNDEF",,,,0,0,0,0,0,0,,
"Bot_A","EKC_BotA","D23","existing","UNDEF","UNDEF","UNDEF","UNDEF","2030:2050",3,77721.394,433882.809,"Demand_EKC_BotA","EKC","Electricity:Steam:Steam","10:41:28",0.00,0.00,0.00,0.00,0.00,0.00,0.91,0.00,"StedinGerbrandd23InternalElectricity:StedinSteam6d23Internalsteam:c43d23Internalsteam","NULL","UNDEF",,,,0,0,0,0,0,0,,
"Bot_A","AVR_BotA","C38","existing","UNDEF","UNDEF","UNDEF","UNDEF","2025:2050",2,78645.321,434571.785,"Waste_incinerator","AVR","Waste","521",0.20,0.08,0.00,0.43,0.00,0.00,0.91,105.30,"Wastesupplyc38InternalWaste","c38TenneT150GerbrandInternalElectricity:c38StedinSteam5InternalSteam:c38d44InternalLtheat","UNDEF","Incinerator",,,0,0,0,0,0,0,,
"Bot_A","Tronox_BotA","C39","existing","UNDEF","UNDEF","UNDEF","UNDEF","2025:2035",2,78108.745,434901.986,"Natgas_furnace","Tronox","Natgas","56",0.00,0.80,0.00,0.00,0.00,0.00,0.91,56.60,"GTS3dc39InternalGas","c39d21InternalHtheat","UNDEF","Furnace","ChangecurrentH2demandd","GTS3d",0,0,0,0,0,0,,
"Bot_A","Cabot_BotA","C40","existing","UNDEF","UNDEF","UNDEF","UNDEF","2030:2050",2,77829.345,434317.785,"Resfuel_powergenCabot","Cabot","Resfuel","24",0.50,0.00,0.00,0.00,0.00,0.00,0.91,77.40,"Resfuelsupplyc40InternalResfuel","c40StedinGerbrandInternalElectricity","UNDEF","Powergen_baseloadindust","ChangecurrentH2demandd",,0,0,0,0,0,0,,
"Bot_A","Cabot_BotA","C41","existing","UNDEF","UNDEF","UNDEF","UNDEF","2030:2050",2,77829.345,434317.785,"Resfuel_furnaceCabot","Cabot","Resfuel","65",0.00,0.80,0.00,0.00,0.00,0.00,0.91,77.40,"Resfuelsupplyc41InternalResfuel","c41d22InternalHtheat","UNDEF","Furnace","ChangecurrentH2demandd",,0,0,0,0,0,0,,
"Bot_A","Cabot_BotA","C42","existing","UNDEF","UNDEF","UNDEF","UNDEF","2025:2035",2,77829.345,434317.785,"Natgas_furnace","Cabot","Natgas","30",0.00,0.80,0.00,0.00,0.00,0.00,0.91,56.60,"GTS3dc42InternalGas","c42d22InternalHtheat","UNDEF","Furnace","ChangecurrentH2demandd","GTS3d",0,0,0,0,0,0,,
"Bot_A","EKC_BotA","C43","existing","UNDEF","UNDEF","UNDEF","UNDEF","2019:2030",1,77721.394,433882.809,"Natgas_boiler","EKC","Natgas","33",0.00,0.85,0.00,0.00,0.00,0.00,0.91,56.60,"GTS3dc43InternalGas","c43d23InternalSteam","UNDEF","Boiler","ChangecurrentH2demandd","GTS3d",0,0,0,0,0,0,,
"Bot_A","StedinGerbrand","StedinGerbrand","existing","UNDEF","UNDEF","UNDEF","UNDEF","UNDEF","UNDEF",78348.953,435034.792,"Substation_Stedin","Stedin","Electricity","240",1.00,0.00,0.00,0.00,0.00,0.00,0.76,0.00,"TenneT150GerbrandStedinGerbrand","StedinGerbrandd21InternalElectricity:StedinGerbrandd22InternalElectricity:StedinGerbrandd23InternalElectricity:StedinGerbrandd43InternalElectricity","UNDEF",,,,0,0,0,0,0,0,,"Station_Stedin_extension"
"Bot_A","SteamgridconnectionAVR_BotA","StedinSteam5","existing","UNDEF","UNDEF","UNDEF","UNDEF","UNDEF","UNDEF",78607.192,434797.714,"Connection_steamgrid","Stedin","Steam","50",0.00,1.00,0.00,0.00,0.00,0.00,0.91,0.00,"c38StedinSteam5InternalSteam","SteamgridStedin","UNDEF",,,,0,0,0,0,0,0,,
"Bot_A","SteamgridconnectionEKC_BotA","StedinSteam6","existing","UNDEF","UNDEF","UNDEF","UNDEF","UNDEF","UNDEF",78067.441,433993.39,"Connection_steamgrid","Stedin","Steam","50",0.00,1.00,0.00,0.00,0.00,0.00,0.91,0.00,"SteamgridStedin","StedinSteam6d23InternalSteam","UNDEF",,,,0,0,0,0,0,0,,
"Bot_A","Nouryon_BotA","D24","existing","UNDEF","UNDEF","UNDEF","UNDEF","2030:2050",3,78562.771,432282.606,"Demand_Nouryon_BotA","Nouryon","Electricity:Steam","10:35:5",0.00,0.00,0.00,0.00,0.00,0.00,0.91,0.00,"TenneT150Botld24InternalElectricity:c44d24InternalSteam:c45d24InternalSteam","NULL","UNDEF",,,,0,0,0,0,0,0,,
"Bot_A","Shinetsu_BotA","D25","existing","UNDEF","UNDEF","UNDEF","UNDEF","2030:2050",3,78737.396,432914.432,"Demand_Shinetsu_BotA","Shinetsu","Electricity:Htheat:Steam","10:54:66",0.00,0.00,0.00,0.00,0.00,0.00,0.91,0.00,"TenneT150Botld25InternalElectricity:c45d25InternalSteam","NULL","UNDEF",,,,0,0,0,0,0,0,,
"Bot_B","Exxonmobil_BotB","D26","existing","UNDEF","UNDEF","UNDEF","UNDEF","2030:2050",5,79847.061,432236.568,"Demand_Exxonmobil_BotB","Exxonmobil","Electricity:Htheat:Steam:Steam:H2:H2:H2","103:838:196:35:448:71:214",0.00,0.00,0.00,0.00,0.00,0.00,0.00,0.00,"TenneT150Botld26InternalElectricity:c51d26InternalHtheat:c52d26InternalSteam:c50d26InternalSteam:c48d26InternalH2:c49d26InternalH2:AirliquideH2_5d26InternalH2","NULL","UNDEF",,,,0,0,0,0,0,0,,
"Bot_A","Nouryon_BotA","C44","existing","UNDEF","UNDEF","UNDEF","UNDEF","2019:2040",2,78562.771,432282.606,"Natgas_cogen","Nouryon","Natgas","72",0.31,0.49,0.00,0.00,0.00,0.00,0.55,56.60,"GTS2dc44InternalGas","c44c46InternalElectricity:c44d24InternalSteam","UNDEF","Cogen","ChangecurrentH2demandd","GTS2d",0,0,0,0,0,0,,
"Bot_A","Nouryon_BotA","C45","existing","UNDEF","UNDEF","UNDEF","UNDEF","2019:2030",1,78562.771,432282.606,"Natgas_boiler","Nouryon","Natgas","83",0.00,0.85,0.00,0.00,0.00,0.00,0.42,56.60,"GTS2dc45InternalGas","c45d24InternalSteam:c45d25InternalSteam","UNDEF","Boiler","ChangecurrentH2demandd","GTS2d",0,0,0,0,0,0,,
"Bot_A","Nouryon_BotA","C46","existing","UNDEF","UNDEF","UNDEF","UNDEF","2030:2050",3,78562.771,432282.606,"Electrolysis_chlorine","Nouryon","Electricity","226",0.00,0.00,0.00,0.00,0.30,0.00,0.91,0.00,"c46TenneT150Botl_custInternalElectricity","c46AirproductsH2_4InternalH2","UNDEF","Electrolyzer_Brine",,,0,0,0,0,0,0,,
"Bot_A","Shinetsu_BotA","C47","existing","UNDEF","UNDEF","UNDEF","UNDEF","2025:2035",2,78737.396,432914.432,"Natgas_furnace","Shinetsu","Natgas","68",0.00,0.80,0.00,0.00,0.00,0.00,0.91,56.60,"GTS2dc47InternalGas","c47d25InternalHtheat","UNDEF","Furnace","ChangecurrentH2demandd","GTS2d",0,0,0,0,0,0,,
"Bot_B","Exxonmobil_BotB","C48","existing","UNDEF","UNDEF","UNDEF","UNDEF","2025:2045",3,79847.061,432236.568,"Natgas_SMR_Hyco4","Exxonmobil","Natgas","448",0.00,0.00,0.00,0.00,0.75,0.00,0.73,56.60,"GTS2dc48InternalGas","c48d26InternalH2","UNDEF","SMR",,"GTS2d",0,0,0,0,0,0,,
"Bot_B","Exxonmobil_BotB","C49","existing","UNDEF","UNDEF","UNDEF","UNDEF","2025:2045",3,79847.061,432236.568,"Refgas_SMR_Exxon","Exxonmobil","Refgas","71",0.00,0.00,0.00,0.00,0.75,0.00,0.73,67.00,"Refgassupplyc49InternalRefgas","c49d26InternalH2","UNDEF","SMR",,,0,0,0,0,0,0,,
"Bot_B","Exxonmobil_BotB","C50","existing","UNDEF","UNDEF","UNDEF","UNDEF","2030:2050",1,79847.061,432236.568,"Refgas_boilerExxonmobil","Exxonmobil","Refgas","231",0.00,0.85,0.00,0.00,0.00,0.00,0.73,67.00,"Refgassupplyc50InternalRefgas","c50d26InternalSteam","UNDEF","Boiler","ChangecurrentH2demandd",,0,0,0,0,0,0,,
"Bot_B","Exxonmobil_BotB","C51","existing","UNDEF","UNDEF","UNDEF","UNDEF","2030:2050",2,79847.061,432236.568,"Refgas_furnaceExxon","Exxonmobil","Refgas","838",0.00,0.80,0.00,0.00,0.00,0.00,0.73,67.00,"Refgassupplyc51InternalRefgas","c51d26InternalHtheat","UNDEF","Furnace","ChangecurrentH2demandd",,0,0,0,0,0,0,,
"Bot_B","Exxonmobil_BotB","C52","existing","UNDEF","UNDEF","UNDEF","UNDEF","2030:2050",2,79847.061,432236.568,"Refgas_cogen Exxon","Exxonmobil","Refgas","192",0.31,0.49,0.00,0.00,0.00,0.00,0.73,67.00,"Refgassupplyc52InternalRefgas","c52d26InternalElectricity:c52d26InternalSteam","UNDEF","Cogen","ChangecurrentH2demandd",,0,0,0,0,0,0,,
"Bot_A","GTSconnection_backbone2_Perniseast","GTS2d","existing","UNDEF","UNDEF","UNDEF","UNDEF","UNDEF","UNDEF",78598.715,431817.447,"Node_GTSgrid","GTS","Natgas","1441",0.00,0.00,0.00,0.00,0.00,1.00,0.76,0.00,"GTSgrid2d","GTS2dc29InternalGas:GTS2dc30InternalGas:GTS2dc44InternalGas:GTS2dc45InternalGas:GTS2dc47InternalGas:GTS2dc48InternalGas:GTS2dc54InternalGas:GTS2dc56InternalGas:GTS2dc57InternalGas:GTS2dc58InternalGas:GTSgrid2c:GTSgrid3d","UNDEF",,,,0,0,0,0,0,0,,
"Bot_B","ExxonconnectionH2Airliquide","AirliquideH2_5","existing","UNDEF","UNDEF","UNDEF","UNDEF","UNDEF","UNDEF",79003.004,431737.008,"Connection_H2gridAirliquide","Airliquide","H2","700",0.00,0.00,0.00,0.00,1.00,0.00,1.00,0.00,"Airliquidegrid4","AirliquideH2_54d26","UNDEF",,,,0,0,0,0,0,0,,
"Bot_B","NouryonExxonH2connectionAirproducts","AirproductsH2_4","existing","UNDEF","UNDEF","UNDEF","UNDEF","UNDEF","UNDEF",78586.015,431832.258,"Connection_H2gridAirproducts","Airproducts","H2","100",0.00,0.00,0.00,0.00,1.00,0.00,1.00,0.00,"Airproductsgrid3","AirproductsH2_4d26:c46AirproductsH2_4InternalH2","UNDEF",,,,0,0,0,0,0,0,,
"Bot_A","Hexion_BotA","D27","existing","UNDEF","UNDEF","UNDEF","UNDEF","2030:2050",3,77743.619,432650.907,"Demand_Hexion_BotA","Hexion","Electricity:Steam","10:3",0.00,0.00,0.00,0.00,0.00,0.00,0.91,0.00,"StedinBotld27InternalElectricity:c53d27InternalSteam","NULL","UNDEF",,,,0,0,0,0,0,0,,
"Bot_B","Aluchemie_BotB","D28","existing","UNDEF","UNDEF","UNDEF","UNDEF","2030:2050",3,81402.814,432138.143,"Demand_Aluchemie_BotB","Aluchemie","Electricity:Htheat:Htheat","10:24:8",0.00,0.00,0.00,0.00,0.00,0.00,0.91,0.00,"StedinBotld28InternalElectricity:c54d28InternalHtheat:c55d28InternalHtheat","NULL","UNDEF",,,,0,0,0,0,0,0,,
"Bot_A","Hexion_BotA","C53","existing","UNDEF","UNDEF","UNDEF","UNDEF","2019:2030",1,77743.619,432650.907,"Natgas_boiler","Hexion","Natgas","4",0.00,0.85,0.00,0.00,0.00,0.00,0.91,56.60,"GTS3dc53InternalGas","c53d27InternalStem","UNDEF","Boiler","ChangecurrentH2demandd","GTS3d",0,0,0,0,0,0,,
"Bot_B","Aluchemie_BotB","C54","existing","UNDEF","UNDEF","UNDEF","UNDEF","2025:2035",2,81402.814,432138.143,"Natgas_furnace","Aluchemie","Natgas","30",0.00,0.80,0.00,0.00,0.00,0.00,0.91,56.60,"GTS2dc54InternalGas","c54d28InternalHtheat","UNDEF","Furnace","ChangecurrentH2demandd","GTS2d",0,0,0,0,0,0,,
"Bot_B","Aluchemie_BotB","C55","existing","UNDEF","UNDEF","UNDEF","UNDEF","2025:2035",2,81402.814,432138.143,"Resfuel_furnaceAluchemie","Aluchemie","Resfuel","10",0.00,0.80,0.00,0.00,0.00,0.00,0.91,77.40,"Resfuelsupplyc55InternalResfuel","c55d28InternalHtheat","UNDEF","Furnace","ChangecurrentH2demandd",,0,0,0,0,0,0,,
"Bot_A","BotA_StedinBotl","StedinBotl","existing","UNDEF","UNDEF","UNDEF","UNDEF","UNDEF","UNDEF",78820.949,431836.513,"Substation_Stedin","Stedin","Electricity","240",1.00,0.00,0.00,0.00,0.00,0.00,0.76,0.00,"TenneT150BotlStedinBotl","StedinBotld27InternalElectricity:StedinBotld28InternalElectricity:StedinBotld41InternalElectricity","UNDEF",,,,0,0,0,0,0,0,,"Station_Stedin_extension"
"Per","Cerexagri_Per","D29","existing","UNDEF","UNDEF","UNDEF","UNDEF","2030:2050",3,82545.816,434093.947,"Demand_Ceraxagri_Per","Cerexagri","Electricity:Steam","10:1",0.00,0.00,0.00,0.00,0.00,0.00,0.91,0.00,"StedinVondeld29InternalElectricity:c56d29InternalSteam","NULL","UNDEF",,,,0,0,0,0,0,0,,
"Per","Arkema_Per","D30","existing","UNDEF","UNDEF","UNDEF","UNDEF","2030:2050",3,82701.392,434125.697,"Demand_Arkema_Per","Arkema","Electricity:Htheat","10:2",0.00,0.00,0.00,0.00,0.00,0.00,0.91,0.00,"StedinVondeld30InternalElectricity:c57d30InternalHtheat","NULL","UNDEF",,,,0,0,0,0,0,0,,
"Per","Wilmar_Per","D31","existing","UNDEF","UNDEF","UNDEF","UNDEF","2030:2050",3,82329.916,433700.246,"Demand_Wilmar_Per","Wilmar","Electricity:Steam","10:6",0.00,0.00,0.00,0.00,0.00,0.00,0.91,0.00,"StedinVondelShelld31InternalElectricity:c58d31InternalSteam","NULL","UNDEF",,,,0,0,0,0,0,0,,
"Per","Hexion_Per","D32","existing","UNDEF","UNDEF","UNDEF","UNDEF","2030:2050",3,85068.359,432857.282,"Demand_Hexion_Per","Hexion","Electricity:Steam","10:21",0.00,0.00,0.00,0.00,0.00,0.00,0.91,0.00,"StedinVondelShelld32InternalElectricity:c59d32InternalSteam","NULL","UNDEF",,,,0,0,0,0,0,0,,
"Per","Cerexagri_Per","C56","existing","UNDEF","UNDEF","UNDEF","UNDEF","2019:2030",1,82545.816,434093.947,"Natgas_boiler","Cerexagri","Natgas","1",0.00,0.85,0.00,0.00,0.00,0.00,0.91,56.60,"GTS2dc56InternalGas","c56d29InternalSteam","UNDEF","Boiler","ChangecurrentH2demandd","GTS2d",0,0,0,0,0,0,,
"Per","Arkema_Per","C57","existing","UNDEF","UNDEF","UNDEF","UNDEF","2025:2035",2,82701.392,434125.697,"Natgas_furnace","Arkema","Natgas","2",0.00,0.80,0.00,0.00,0.00,0.00,0.91,56.60,"GTS2dc57InternalGas","c57d30InternalHtheat","UNDEF","Furnace","ChangecurrentH2demandd","GTS2d",0,0,0,0,0,0,,
"Per","Wilmar_Per","C58","existing","UNDEF","UNDEF","UNDEF","UNDEF","2019:2030",1,82329.916,433700.246,"Natgas_boiler","Wilmar","Natgas","7",0.00,0.85,0.00,0.00,0.00,0.00,0.91,56.60,"GTS2dc58InternalGas","c58d31InternalSteam","UNDEF","Boiler","ChangecurrentH2demandd","GTS2d",0,0,0,0,0,0,,
"Per","Hexion_Per","C59","existing","UNDEF","UNDEF","UNDEF","UNDEF","2019:2030",1,85640.863,432888.488,"Natgas_boiler","Hexion_Per","Natgas","21",0.00,0.85,0.00,0.00,0.00,0.00,0.91,56.60,"GTS1dc59InternalGas","c59d32InternalSteam","UNDEF","Boiler","ChangecurrentH2demandd","GTS1b",0,0,0,0,0,0,,
"Per","Per_StedinVondel","StedinVondel","existing","UNDEF","UNDEF","UNDEF","UNDEF","UNDEF","UNDEF",82163.183,433165.761,"Substation_Stedin","Stedin","Electricity","240",1.00,0.00,0.00,0.00,0.00,0.00,0.76,0.00,"TenneT150VondelStedinVondel:c65StedinVondelInternalElectricity:c66StedinVondelInternalElectricity:c67StedinVondelInternalElectricity:c68StedinVondelInternalElectricity","StedinVondeld29InternalElectricity:StedinVondeld30InternalElectricity:StedinVondeld31InternalElectricity:StedinVondeld32InternalElectricity:StedinVondeld33InternalElectricity:StedinVondeld44InternalElectricity","UNDEF",,,,0,0,0,0,0,0,,"Station_Stedin_extension"
"Per","Maasstroom_Per","C60","existing","UNDEF","UNDEF","UNDEF","UNDEF","2025:2040",3,83739.619,434027.272,"Natgas_powergen","Maasstroom","Natgas","751",0.57,0.00,0.00,0.00,0.00,0.00,0.05,56.60,"GTS1dc60Internalgas","c60TenneT380SimonshInternalElectricity","UNDEF","Powergen_flexible","ChangecurrentH2demandd","GTS1b",0,0,0,0,0,0,,
"Per","Rijnmond_Per","C61","existing","UNDEF","UNDEF","UNDEF","UNDEF","2025:2040",3,83923.769,434033.622,"Natgas_powergen","Rijnmond","Natgas","778",0.55,0.00,0.00,0.00,0.00,0.00,0.00,56.60,"GTS1dc61Internalgas","c61TenneT150WaalhInternalElectricity","UNDEF","Powergen_flexible","ChangecurrentH2demandd","GTS1b",0,0,0,0,0,0,,
"Per","Shell_Per","D33","existing","UNDEF","UNDEF","UNDEF","UNDEF","2030:2050",5,82812.517,432916.02,"Demand_Shell_Per","Shell","Electricity:Htheat:Htheat:Htheat:Steam:Steam:Steam:Steam:Steam:H2:H2","171:144:544:155:433:124:21:78:22:222:399",0.00,0.00,0.00,0.00,0.00,0.00,0.00,0.00,"StedinVondeld33InternalElectricity:c72d33InternalHtheat:c73d33InternalHtheat:c74d33InternalHtheat:c63d33InternalSteam:c64d33InternalSteam:c69d33InternalSteam:c70d33InternalSteam:c71d33InternalSteam:c62d33InternalH2:c65d33InternalH2","NULL","UNDEF",,,,0,0,0,0,0,0,,
"Per","Shell_Per","C62","existing","UNDEF","UNDEF","UNDEF","UNDEF","2025:2045",3,85403.322,433281.145,"Natgas_SMRShell","Shell","Natgas","296",0.00,0.00,0.00,0.00,0.75,0.00,0.80,56.60,"GTS1dc62Internalgas","c62d33InternalH2","UNDEF","SMR",,"GTS1b",0,0,0,0,0,0,,
"Per","Shell_Per","C63","existing","UNDEF","UNDEF","UNDEF","UNDEF","2030:2050",2,85403.322,433281.145,"Refgas_cogen Pergen","Air Products (Pergen)","Refgas","699",0.33,0.62,0.00,0.00,0.00,0.00,0.56,67.00,"Refgassupplyc63InternalRefgas","c63TenneT150GeervlInternalElectricity:c63d33InternalElectricity:c63d33InternalSteam","UNDEF","Cogen","ChangecurrentH2demandd",,0,0,0,0,0,0,,
"Per","Shell_Per","C64","existing","UNDEF","UNDEF","UNDEF","UNDEF","2030:2050",2,85403.322,433281.145,"Petcoke_cogen Pergen","Air Products (Pergen)","Petcokes","200",0.33,0.62,0.00,0.00,0.00,0.00,0.80,97.50,"Petcokessupplyc64InternalPetcokes","c64TenneT150GeervlInternalElectricity:c64d33InternalElectricity:c64d33InternalSteam","UNDEF","Cogen","ChangecurrentH2demandd",,0,0,0,0,0,0,,
"Per","Shell_Per","C65","existing","UNDEF","UNDEF","UNDEF","UNDEF","2019:2040",2,85403.322,433281.145,"Oilrest_gasifier","Shell","Oilrest","783",0.23,0.00,0.00,0.00,0.51,0.00,0.80,77.40,"Oilrestsupplyc65InternalOilrest","c65TenneT150Vondel_genInternalElectricity:c65d33InternalH2","UNDEF","Gasifier",,,0,0,0,0,0,0,,
"Per","Shell_Per","C66","existing","UNDEF","UNDEF","UNDEF","UNDEF","2025:2040",2,85403.322,433281.145,"Natgas_powergen","Shell","Natgas","34",0.59,0.00,0.00,0.00,0.00,0.00,0.80,56.60,"GTS1dc66Internalgas","c66StedinVondelInternalElectricity","UNDEF","Powergen_baseloadindust","ChangecurrentH2demandd","GTS1b",0,0,0,0,0,0,,
"Per","Shell_Per","C67","existing","UNDEF","UNDEF","UNDEF","UNDEF","2030:2050",2,85403.322,433281.145,"Refgas_powergen Shell","Shell","Refgas","129",0.59,0.00,0.00,0.00,0.00,0.00,0.80,67.00,"Refgassupplyc67InternalRefgas","c67StedinVondelInternalElectricity","UNDEF","Powergen_baseloadindust","ChangecurrentH2demandd",,0,0,0,0,0,0,,
"Per","Shell_Per","C68","existing","UNDEF","UNDEF","UNDEF","UNDEF","2030:2050",2,85403.322,433281.145,"Petcoke_powergen Shell","Shell","Petcokes","37",0.59,0.00,0.00,0.00,0.00,0.00,0.80,97.50,"Petcokessupplyc68InternalPetcokes","c68StedinVondelInternalElectricity","UNDEF","Powergen_baseloadindust","ChangecurrentH2demandd",,0,0,0,0,0,0,,
"Per","Shell_Per","C69","existing","UNDEF","UNDEF","UNDEF","UNDEF","2019:2030",1,85403.322,433281.145,"Natgas_boiler","Shell","Natgas","25",0.00,0.85,0.00,0.00,0.00,0.00,0.80,56.60,"GTS1dc69Internalgas","c69d33InternalSteam","UNDEF","Boiler","ChangecurrentH2demandd","GTS1b",0,0,0,0,0,0,,
"Per","Shell_Per","C70","existing","UNDEF","UNDEF","UNDEF","UNDEF","2030:2050",1,85403.322,433281.145,"Refgas_boilerShell","Shell","Refgas","92",0.00,0.85,0.00,0.00,0.00,0.00,0.80,67.00,"Refgassupplyc70InternalRefgas","c70d33InternalSteam","UNDEF","Boiler","ChangecurrentH2demandd",,0,0,0,0,0,0,,
"Per","Shell_Per","C71","existing","UNDEF","UNDEF","UNDEF","UNDEF","2030:2050",1,85403.322,433281.145,"Petcoke_boilerShell","Shell","Petcokes","26",0.00,0.85,0.00,0.00,0.00,0.00,0.80,97.50,"Petcokessupplyc71InternalPetcokes","c71d33InternalSteam","UNDEF","Boiler","ChangecurrentH2demandd",,0,0,0,0,0,0,,
"Per","Shell_Per","C72","existing","UNDEF","UNDEF","UNDEF","UNDEF","2025:2035",2,85403.322,433281.145,"Natgas_furnace","Shell","Natgas","180",0.00,0.80,0.00,0.00,0.00,0.00,0.80,56.60,"GTS1dc72Internalgas","c72d33InternalHtheat","UNDEF","Furnace","ChangecurrentH2demandd","GTS1b",0,0,0,0,0,0,,
"Per","Shell_Per","C73","existing","UNDEF","UNDEF","UNDEF","UNDEF","2030:2050",2,85403.322,433281.145,"Refgas_furnaceShell","Shell","Refgas","680",0.00,0.80,0.00,0.00,0.00,0.00,0.80,67.00,"Refgassupplyc73InternalRefgas","c73d33InternalHtheat","UNDEF","Furnace","ChangecurrentH2demandd",,0,0,0,0,0,0,,
"Per","Shell_Per","C74","existing","UNDEF","UNDEF","UNDEF","UNDEF","2030:2050",2,85403.322,433281.145,"Petcoke_furnaceShell","Shell","Petcokes","194",0.00,0.80,0.00,0.00,0.00,0.00,0.80,97.50,"Petcokessupplyc74InternalPetcokes","c74d33InternalHtheat","UNDEF","Furnace","ChangecurrentH2demandd",,0,0,0,0,0,0,,
"BackbonegasNL","GTSconnection_backbone1_Wijngaarden","GTS1e","existing","UNDEF","UNDEF","UNDEF","UNDEF","UNDEF","UNDEF",83636.384,433982.976,"Node_GTSgrid","GTS","Natgas","20000",0.00,0.00,0.00,0.00,0.00,1.00,0.76,0.00,"NatgassupplyGTS1eInternalGas","GTSgrid1d","UNDEF",,,,0,0,0,0,0,0,,
"MV_B","SMRCCS_MVnew","C75","consideredforconstruction",0,"2020:2050","UNDEF","UNDEF","UNDEF","UNDEF",,,"Natgas_SMRCCSnew","UNDEF","Natgas","400",0.00,0.00,0.00,0.00,0.75,0.00,0.91,0.00,,,,,,"GTS1b",0,0,0,0,0,0,,
"MV_B","Waterelec_MVnew","C76","consideredforconstruction",0,"2020:2050","UNDEF","UNDEF","UNDEF","UNDEF",,,"Waterelec_new","UNDEF","Electricity","1000",0.00,0.00,0.00,0.00,0.75,0.00,0.50,0.00,,,,,,,0,0,0,0,0,0,,
"MV_B","ImportH2_MV","S1","consideredforconstruction",0,"2020:2050","UNDEF","UNDEF","UNDEF","UNDEF",,,"ImportH2","UNDEF","H2","0",0.00,0.00,0.00,0.00,0.00,0.00,0.91,0.00,,,,,,,0,0,0,0,0,0,,
"Bot_A","SMRCCS_Botlnew","C78","consideredforconstruction",0,"2020:2050","UNDEF","UNDEF","UNDEF","UNDEF",,,"Natgas_SMRCCSnew","UNDEF","Natgas","400",0.00,0.00,0.00,0.00,0.75,0.00,0.91,0.00,,,,,,"GTS1d",0,0,0,0,0,0,,
"Bot_A","Waterelec_Botlnew","C79","consideredforconstruction",0,"2020:2050","UNDEF","UNDEF","UNDEF","UNDEF",,,"Waterelec_new","UNDEF","Electricity","1000",0.00,0.00,0.00,0.00,0.75,0.00,0.50,0.00,,,,,,,0,0,0,0,0,0,,
"MV_B","Syntheticfuelplant_MV","D34","consideredforconstruction",0,"2020:2050","UNDEF","UNDEF","UNDEF","UNDEF",,,"DemandSyntheticfuelplant","UNDEF","Electricity:H2","1800:4300",0.00,0.00,0.00,0.00,0.00,0.00,0.91,0.00,,,,,,,0,0,0,0,0,0,,
"Bot_A","Syntheticfuelplant_Botl","D35","consideredforconstruction",0,"2020:2050","UNDEF","UNDEF","UNDEF","UNDEF",,,"DemandSyntheticfuelplant","UNDEF","Electricity:H2","1800:4300",0.00,0.00,0.00,0.00,0.00,0.00,0.91,0.00,,,,,,,0,0,0,0,0,0,,
"Wijngaarden","H2marketHinterland","D36","consideredforconstruction",0,"2020:2050","UNDEF","UNDEF","UNDEF","UNDEF",,,"DemandH2marketatWijngaardenconnection","UNDEF","H2","0",0.00,0.00,0.00,0.00,0.00,0.00,0.80,0.00,,,,,,,0,0,0,0,0,0,,
"Per","Natgasdemandbuiltenvironment","D37","existing","UNDEF","2020:2050","UNDEF","UNDEF","UNDEF","UNDEF",,,"Demand_Natgasbuiltenvir","Civilians","Natgas","422",0.00,0.00,0.00,0.00,0.00,0.00,0.50,56.60,"GTS1dd37InternalGas","NULL","UNDEF",,,"GTS1b",0,0,0,0,0,0,,
"Offshorewind","OffshorewindlandingMV","S2","existing","UNDEF","2020:2050","UNDEF","UNDEF","UNDEF","UNDEF",,,"Offshorewindlanding","UNDEF","Electricity","1400",1.00,0.00,0.00,0.00,0.00,0.00,0.50,0.00,"OffshorewindsupplymarketS2InternalElectricity","S2TenneT380MV_genInternalElectricity","UNDEF","Offshorewind",,,0,0,0,0,0,0,,
"Offshorewind","OffshorewindlandingSimonsh","S3","existing","UNDEF","2020:2050","UNDEF","UNDEF","UNDEF","UNDEF",,,"Offshorewindlanding","UNDEF","Electricity","0",1.00,0.00,0.00,0.00,0.00,0.00,0.50,0.00,"OffshorewindsupplymarketS3InternalElectricity","S3TenneT380Simonsh_genInternalElectricity","UNDEF","Offshorewind",,,0,0,0,0,0,0,,
"MV_B","BaseloaddemandStedinMV","D38","existing","UNDEF","2020:2050","UNDEF","UNDEF","UNDEF","UNDEF",,,"BaseloaddemandStedin","UNDEF","Electricity","220",1.00,0.00,0.00,0.00,0.00,0.00,0.91,0.00,"StedinMVd38InternalElectricity","NULL","UNDEF",,,,0,0,0,0,0,0,,
"Eur_B","BaseloaddemandStedinEur","D39","existing","UNDEF","2020:2050","UNDEF","UNDEF","UNDEF","UNDEF",,,"BaseloaddemandStedin","UNDEF","Electricity","261",1.00,0.00,0.00,0.00,0.00,0.00,0.91,0.00,"StedinEurd39InternalElectricity","NULL","UNDEF",,,,0,0,0,0,0,0,,
"Botl_B","BaseloaddemandStedinBotl","D40","existing","UNDEF","2020:2050","UNDEF","UNDEF","UNDEF","UNDEF",,,"BaseloaddemandStedin","UNDEF","Electricity","230",1.00,0.00,0.00,0.00,0.00,0.00,0.91,0.00,"StedinBotld40InternalElectricity","NULL","UNDEF",,,,0,0,0,0,0,0,,
"Theems_B","BaseloaddemandStedinTheems","D41","existing","UNDEF","2020:2050","UNDEF","UNDEF","UNDEF","UNDEF",,,"BaseloaddemandStedin","UNDEF","Electricity","230",1.00,0.00,0.00,0.00,0.00,0.00,0.91,0.00,"StedinTheemsd41InternalElectricity","NULL","UNDEF",,,,0,0,0,0,0,0,,
"Gerbrand_B","BaseloaddemandStedinGerbrand","D42","existing","UNDEF","2020:2050","UNDEF","UNDEF","UNDEF","UNDEF",,,"BaseloaddemandStedin","UNDEF","Electricity","232",1.00,0.00,0.00,0.00,0.00,0.00,0.91,0.00,"StedinGerbrandd42InternalElectricity","NULL","UNDEF",,,,0,0,0,0,0,0,,
"Vondel_B","BaseloaddemandStedinVondel","D43","existing","UNDEF","2020:2050","UNDEF","UNDEF","UNDEF","UNDEF",,,"BaseloaddemandStedin","UNDEF","Electricity","157",1.00,0.00,0.00,0.00,0.00,0.00,0.91,0.00,"StedinVondeld43InternalElectricity","NULL","UNDEF",,,,0,0,0,0,0,0,,
"MV_B","TenneT380MV_gen","TenneT380MV_gen","existing","UNDEF","UNDEF","UNDEF","UNDEF","UNDEF","UNDEF",61165.787,441708.909,"380kVbayTenneT_gen","TenneT","Electricity","6400",1.00,0.00,0.00,0.00,0.00,0.00,0.73,0.00,"c3TenneT380MV_genInternalElectricity:c6TenneT380MV_genInternalElectricity:c13TenneT380MV_genInternalElectricity:S2TenneT380MV_genInternalElectricity","TenneT380MV_genTenneT380MV_lineInternalElectricity:TenneT380MV_genTenneT380MV_transInternalElectricity","UNDEF",,,,0,0,0,0,0,0,"380kVbayTenneT_gen","380kV_station"
"MV_B","TenneT380MV_line","TenneT380MV_line","existing","UNDEF","UNDEF","UNDEF","UNDEF","UNDEF","UNDEF",61165.787,441708.919,"380kVbayTenneT_line","TenneT","Electricity","11200",1.00,0.00,0.00,0.00,0.00,0.00,0.73,0.00,"TenneT380MV_genTenneT380MV_lineInternalElectricity:S4TenneT380MV_lineInternalElectricity","380kVgrid1:380kVgrid2","UNDEF",,,,0,0,0,0,0,0,"380kVbayTenneT_line","380kV_station"
"MV_B","TenneT380MV_trans","TenneT380MV_trans","existing","UNDEF","UNDEF","UNDEF","UNDEF","UNDEF","UNDEF",61165.787,441708.929,"380kVbayTenneT_trans","TenneT","Electricity","1000",1.00,0.00,0.00,0.00,0.00,0.00,0.73,0.00,"TenneT380MV_genTenneT380MV_transInternalElectricity:TenneT380MV_lineTenneT380MV_transInternalElectricity","150kVgrid1","UNDEF",,,,0,0,0,0,0,0,"380kVbayTenneT_trans","380kV_station"
"Per","TenneT380Simonsh_gen","TenneT380Simonsh_gen","existing","UNDEF","UNDEF","UNDEF","UNDEF","UNDEF","UNDEF",77963.696,428255.264,"380kVbayTenneT_gen","TenneT","Electricity","1600",1.00,0.00,0.00,0.00,0.00,0.00,0.73,0.00,"S3TenneT380Simonsh_genInternalElectricity:C60TenneT380Simonsh_genInternalElectricity","TenneT380Simonsh_genTenneT380Simonsh_transInternalElectricity:TenneT380Simonsh_genTenneT380Simonsh_lineInternalElectricity","UNDEF",,,,0,0,0,0,0,0,"380kVbayTenneT_gen","380kV_station"
"Per","TenneT380Simonsh_line","TenneT380Simonsh_line","existing","UNDEF","UNDEF","UNDEF","UNDEF","UNDEF","UNDEF",77963.696,428255.274,"380kVbayTenneT_line","TenneT","Electricity","11200",1.00,0.00,0.00,0.00,0.00,0.00,0.73,0.00,"TenneT380Simonsh_genTenneT380Simonsh_lineInternalElectricity:380kVgrid2","380kVgrid3:TenneT380Simonsh_lineTenneT380Simonsh_trans","UNDEF",,,,0,0,0,0,0,0,"380kVbayTenneT_line","380kV_station"
"Per","TenneT380Simonsh_trans","TenneT380Simonsh_trans","existing","UNDEF","UNDEF","UNDEF","UNDEF","UNDEF","UNDEF",77963.696,428255.284,"380kVbayTenneT_trans","TenneT","Electricity","500",1.00,0.00,0.00,0.00,0.00,0.00,0.73,0.00,"TenneT380Simonsh_lineTenneT380Simonsh_trans:TenneT380Simonsh_genTenneT380Simonsh_trans","150kVgrid2","UNDEF",,,,0,0,0,0,0,0,"380kVbayTenneT_trans","380kV_station"
"Bleiswijk","TenneT380Bleiswijk_line","TenneT380Bleiswijk_line","existing","UNDEF","UNDEF","UNDEF","UNDEF","UNDEF","UNDEF",,,"380kVbayTenneT_line","TenneT","Electricity","12800",1.00,0.00,0.00,0.00,0.00,0.00,0.73,0.00,"380kVgrid1:380kVgrid5","380kVgrid4","UNDEF",,,,0,0,0,0,0,0,"380kVbayTenneT_line","380kV_station"
"Krimpen","TenneT380Krimpen_line","TenneT380Krimpen_line","existing","UNDEF","UNDEF","UNDEF","UNDEF","UNDEF","UNDEF",,,"380kVbayTenneT_line","TenneT","Electricity","12800",1.00,0.00,0.00,0.00,0.00,0.00,0.73,0.00,"380kVgrid6:380kVgrid4:380kVgrid3","TenneT380Krimpen_lineTenneT380Krimpen_transInternalElectricity","UNDEF",,,,0,0,0,0,0,0,"380kVbayTenneT_line","380kV_station"
"Krimpen","TenneT380Krimpen_trans","TenneT380Krimpen_trans","existing","UNDEF","UNDEF","UNDEF","UNDEF","UNDEF","UNDEF",,,"380kVbayTenneT_trans","TenneT","Electricity","500",1.00,0.00,0.00,0.00,0.00,0.00,0.73,0.00,"TenneT380Krimpen_lineTenneT380Krimpen_transInternalElectricity","150kVgrid3","UNDEF",,,,0,0,0,0,0,0,"380kVbayTenneT_trans","380kV_station"
"RestNL","TenneT380restNL_line","TenneT380restNL_line","existing","UNDEF","UNDEF","UNDEF","UNDEF","UNDEF","UNDEF",,,"380kVbayTenneT_line","TenneT","Electricity","3200",1.00,0.00,0.00,0.00,0.00,0.00,0.73,0.00,"S5TenneT380restNL_lineInternalElectricity","380kVgrid5:380kVgrid6","UNDEF",,,,0,0,0,0,0,0,"NULL","380kV_station"
"MV_B","TenneT150MV_gen","TenneT150MV_gen","existing","UNDEF","UNDEF","UNDEF","UNDEF","UNDEF","UNDEF",61258.942,441784.45,"150kVbayTenneT_gen","TenneT","Electricity","1200",1.00,0.00,0.00,0.00,0.00,0.00,0.73,0.00,"c4TenneT150MV_genInternalElectricity:150kVgrid1","TenneT150MV_genTenneT150MV_lineInternalElectricity:TenneT150MV_genTenneT150MV_transInternalElectricity","UNDEF",,,,0,0,0,0,0,0,"150kVbayTenneT_gen","150kV_station"
"MV_B","TenneT150MV_line","TenneT150MV_line","existing","UNDEF","UNDEF","UNDEF","UNDEF","UNDEF","UNDEF",61258.942,441786.45,"150kVbayTenneT_line","TenneT","Electricity","600",1.00,0.00,0.00,0.00,0.00,0.00,0.73,0.00,"TenneT150MV_genTenneT150MV_lineInternalElectricity","TenneT150MV_lineTenneT150MV_transInternalElectricity:150kVgrid4","UNDEF",,,,0,0,0,0,0,0,"150kVbayTenneT_line","150kV_station"
"MV_B","TenneT150MV_trans","TenneT150MV_trans","existing","UNDEF","UNDEF","UNDEF","UNDEF","UNDEF","UNDEF",61258.942,441788.45,"150kVbayTenneT_trans","TenneT","Electricity","300",1.00,0.00,0.00,0.00,0.00,0.00,0.73,0.00,"TenneT150MV_lineTenneT150MV_transInternalElectricity:TenneT150MV_genTenneT150MV_transInternalElectricity","TenneT150MV_transStedinMVInternalElectricity","UNDEF",,,,0,0,0,0,0,0,"150kVbayTenneT_trans","150kV_station"
"Eur_A","TenneT150Eur_line","TenneT150Eur_line","existing","UNDEF","UNDEF","UNDEF","UNDEF","UNDEF","UNDEF",69636.664,439748.422,"150kVbayTenneT_line","TenneT","Electricity","1200",1.00,0.00,0.00,0.00,0.00,0.00,0.73,0.00,"150kVgrid4","150kVgrid5:TenneT150Eur_lineTenneT150Eur_transInternalElectricity:TenneT150Eur_lineTenneT150Eur_custInternalElectricity","UNDEF",,,,0,0,0,0,0,0,"150kVbayTenneT_line","150kV_station"
"Eur_A","TenneT150Eur_trans","TenneT150Eur_trans","existing","UNDEF","UNDEF","UNDEF","UNDEF","UNDEF","UNDEF",69636.664,439750.422,"150kVbayTenneT_trans","TenneT","Electricity","300",1.00,0.00,0.00,0.00,0.00,0.00,0.73,0.00,"TenneT150Eur_lineTenneT150Eur_transInternalElectricity","TenneT150Eur_transStedinEurInternalElectricity","UNDEF",,,,0,0,0,0,0,0,"150kVbayTenneT_trans","150kV_station"
"Bot_A","TenneT150Botl_gen","TenneT150Botl_gen","existing","UNDEF","UNDEF","UNDEF","UNDEF","UNDEF","UNDEF",78755.354,431832.258,"150kVbayTenneT_gen","TenneT","Electricity","600",1,0,0,0,0,0.00,0.73,0.00,"c44TenneT150Botl_genInternalElectricity:c46TenneT150Botl_genInternalElectricity:c52TenneT150Botl_genInternalElectricity:150kVgrid2","TenneT150Botl_genTenneT150Botl_lineInternalElectricity:TenneT150Botl_genTenneT150Botl_transInternalElectricity:TenneT150Botl_genTenneT150Botl_custInternalElectricity","UNDEF",,,,0,0,0,0,0,0,"150kVbayTenneT_gen","150kV_station"
"Bot_A","TenneT150Botl_line","TenneT150Botl_line","existing","UNDEF","UNDEF","UNDEF","UNDEF","UNDEF","UNDEF",78755.354,431834.258,"150kVbayTenneT_line","TenneT","Electricity","1200",1,0,0,0,0,0.00,0.73,0.00,"TenneT150Botl_genTenneT150Botl_lineInternalElectricity:150kVgrid5","150kVgrid6:150kVgrid7:150kVgrid8:TenneT150Botl_lineTenneT150Botl_transInternalElectricity:TenneT150Botl_lineTenneT150Botl_custInternalElectricity","UNDEF",,,,0,0,0,0,0,0,"150kVbayTenneT_line","150kV_station"
"Bot_A","TenneT150Botl_trans","TenneT150Botl_trans","existing","UNDEF","UNDEF","UNDEF","UNDEF","UNDEF","UNDEF",78755.354,431836.258,"150kVbayTenneT_trans","TenneT","Electricity","300",1,0,0,0,0,0.00,0.73,0.00,"TenneT150Botl_genTenneT150Botl_transInternalElectricity:TenneT150Botl_lineTenneT150Botl_transInternalElectricity","TenneT150Botl_transStedinBotlInternalElectricity","UNDEF",,,,0,0,0,0,0,0,"150kVbayTenneT_trans","150kV_station"
"Bot_A","TenneT150Mersey_gen","TenneT150Mersey_gen","existing","UNDEF","UNDEF","UNDEF","UNDEF","UNDEF","UNDEF",78961.674,431777.989,"150kVbayTenneT_gen","TenneT","Electricity","600",1.00,0.00,0.00,0.00,0.00,0.00,0.73,0.00,"c29TenneT150Mersey_genInternalElectricity:c30TenneT150Mersey_genInternalElectricity:c36TenneT150Mersey_genInternalElectricity","TenneT150Mersey_genTenneT150Mersey_lineInternalElectricity","UNDEF",,,,0,0,0,0,0,0,"150kVbayTenneT_gen","150kV_station"
"Bot_A","TenneT150Mersey_line","TenneT150Mersey_line","existing","UNDEF","UNDEF","UNDEF","UNDEF","UNDEF","UNDEF",78961.674,431779.989,"150kVbayTenneT_line","TenneT","Electricity","200",1.00,0.00,0.00,0.00,0.00,0.00,0.73,0.00,"TenneT150Mersey_genTenneT150Mersey_lineInternalElectricity:150kVgrid6","TenneT150Mersey_lineTenneT150Mersey_transInternalElectricity","UNDEF",,,,0,0,0,0,0,0,"150kVbayTenneT_line","150kV_station"
"Bot_A","TenneT150Mersey_trans","TenneT150Mersey_trans","existing","UNDEF","UNDEF","UNDEF","UNDEF","UNDEF","UNDEF",78961.674,431781.989,"150kVbayTenneT_trans","TenneT","Electricity","300",1.00,0.00,0.00,0.00,0.00,0.00,0.73,0.00,"TenneT150Mersey_lineTenneT150Mersey_transInternalElectricity:TenneT150Mersey_genTenneT150Mersey_transInternalElectricity","TenneT150Mersey_transBotA_MerseyHuntsmanInternalElectricity","UNDEF",,,,0,0,0,0,0,0,"150kVbayTenneT_trans","150kV_station"
"Bot_A","TenneT150Theems_gen","TenneT150Theems_gen","existing","UNDEF","UNDEF","UNDEF","UNDEF","UNDEF","UNDEF",76446.061,433527.712,"150kVbayTenneT_gen","TenneT","Electricity","300",1,0,0,0,0,0.00,0.73,0,"c37TenneT150Theems_genInternalElectricity","TenneT150Theems_genTenneT150Theems_lineInternalElectricity:TenneT150Theems_genTenneT150Theems_transInternalElectricity","UNDEF",,,,0,0,0,0,0,0,"150kVbayTenneT_gen","150kV_station"
"Bot_A","TenneT150Theems_line","TenneT150Theems_line","existing","UNDEF","UNDEF","UNDEF","UNDEF","UNDEF","UNDEF",76446.061,433529.712,"150kVbayTenneT_line","TenneT","Electricity","200",1,0,0,0,0,0.00,0.73,0,"TenneT150Theems_genTenneT150Theems_lineInternalElectricity:150kVgrid7","TenneT150Theems_lineTenneT150Theems_transInternalElectricity","UNDEF",,,,0,0,0,0,0,0,"150kVbayTenneT_line","150kV_station"
"Bot_A","TenneT150Theems_trans","TenneT150Theems_trans","existing","UNDEF","UNDEF","UNDEF","UNDEF","UNDEF","UNDEF",76446.061,433531.712,"150kVbayTenneT_trans","TenneT","Electricity","300",1,0,0,0,0,0.00,0.73,0,"TenneT150Theems_genTenneT150Theems_transInternalElectricity:TenneT150Theems_lineTenneT150Theems_transInternalElectricity","TenneT150Theems_transStedinTheemsInternalElectricity","UNDEF",,,,0,0,0,0,0,0,"150kVbayTenneT_trans","150kV_station"
"Bot_A","TenneT150Gerbrand_gen","TenneT150Gerbrand_gen","existing","UNDEF","UNDEF","UNDEF","UNDEF","UNDEF","UNDEF",78387.053,435062.303,"150kVbayTenneT_gen","TenneT","Electricity","300",1,0,0,0,0,0.00,0.73,0.00,"c38TenneT150Gerbrand_genInternalElectricity","TenneT150Gerbrand_genTenneT150Gerbrand_lineInternalElectricity:TenneT150Gerbrand_genTenneT150Gerbrand_transInternalElectricity","UNDEF",,,,0,0,0,0,0,0,"150kVbayTenneT_gen","150kV_station"
"Bot_A","TenneT150Gerbrand_line","TenneT150Gerbrand_line","existing","UNDEF","UNDEF","UNDEF","UNDEF","UNDEF","UNDEF",78387.053,435064.303,"150kVbayTenneT_line","TenneT","Electricity","200",1,0,0,0,0,0.00,0.73,0.00,"TenneT150Gerbrand_genTenneT150Gerbrand_lineInternalElectricity:150kVgrid8","TenneT150Gerbrand_lineTenneT150Gerbrand_transInternalElectricity","UNDEF",,,,0,0,0,0,0,0,"150kVbayTenneT_line","150kV_station"
"Bot_A","TenneT150Gerbrand_trans","TenneT150Gerbrand_trans","existing","UNDEF","UNDEF","UNDEF","UNDEF","UNDEF","UNDEF",78387.053,435066.303,"150kVbayTenneT_trans","TenneT","Electricity","300",1,0,0,0,0,0.00,0.73,0.00,"TenneT150Gerbrand_genTenneT150Gerbrand_transInternalElectricity:TenneT150Gerbrand_lineTenneT150Gerbrand_transInternalElectricity","TenneT150Gerbrand_transStedinGerbrandInternalElectricity","UNDEF",,,,0,0,0,0,0,0,"150kVbayTenneT_trans","150kV_station"
"Per","TenneT150Waalh_gen","TenneT150Waalh_gen","existing","UNDEF","UNDEF","UNDEF","UNDEF","UNDEF","UNDEF",88555.517,433403.029,"150kVbayTenneT_gen","TenneT","Electricity","800",1.00,0.00,0.00,0.00,0.00,0.00,0.73,0.00,"c61TenneT150Waalh_genInternalElectricity:150kVgrid3","TenneT150Waalh_genTenneT150Waalh_lineInternalElectricity","UNDEF",,,,0,0,0,0,0,0,"150kVbayTenneT_gen","150kV_station"
"Per","TenneT150Waalh_line","TenneT150Waalh_line","existing","UNDEF","UNDEF","UNDEF","UNDEF","UNDEF","UNDEF",88555.517,433423.029,"150kVbayTenneT_line","TenneT","Electricity","800",1.00,0.00,0.00,0.00,0.00,0.00,0.73,0.00,"TenneT150Waalh_genTenneT150Waalh_lineInternalElectricity:150kVgrid10","150kVgrid9","UNDEF",,,,0,0,0,0,0,0,"150kVbayTenneT_line","150kV_station"
"Per","TenneT150Vondel_gen","TenneT150Vondel_gen","existing","UNDEF","UNDEF","UNDEF","UNDEF","UNDEF","UNDEF",82146.244,433129.772,"150kVbayTenneT_gen","TenneT","Electricity","300",1.00,0.00,0.00,0.00,0.00,0.00,0.73,0.00,"c65TenneT150Vondel_genInternalElectricity","TenneT150Vondel_genTenneT150Vondel_lineInternalElectricity:TenneT150Vondel_genTenneT150Vondel_transInternalElectricity","UNDEF",,,,0,0,0,0,0,0,"150kVbayTenneT_gen","150kV_station"
"Per","TenneT150Vondel_line","TenneT150Vondel_line","existing","UNDEF","UNDEF","UNDEF","UNDEF","UNDEF","UNDEF",82146.244,433131.792,"150kVbayTenneT_line","TenneT","Electricity","200",1.00,0.00,0.00,0.00,0.00,0.00,0.73,0.00,"TenneT150Vondel_genTenneT150Vondel_lineInternalElectricity:150kVgrid9","TenneT150Vondel_lineTenneT150Vondel_transInternalElectricity","UNDEF",,,,0,0,0,0,0,0,"150kVbayTenneT_line","150kV_station"
"Per","TenneT150Vondel_trans","TenneT150Vondel_trans","existing","UNDEF","UNDEF","UNDEF","UNDEF","UNDEF","UNDEF",82146.244,433133.812,"150kVbayTenneT_trans","TenneT","Electricity","300",1.00,0.00,0.00,0.00,0.00,0.00,0.73,0.00,"TenneT150Vondel_genTenneT150Vondel_transInternalElectricity:TenneT150Vondel_lineTenneT150Vondel_transInternalElectricity","TenneT150Vondel_transStedinVondelInternalElectricity","UNDEF",,,,0,0,0,0,0,0,"150kVbayTenneT_trans","150kV_station"
"Per","TenneT150Geervl_gen","TenneT150Geervl_gen","existing","UNDEF","UNDEF","UNDEF","UNDEF","UNDEF","UNDEF",78852.73,431078.925,"150kVbayTenneT_gen","TenneT","Electricity","600",1.00,0.00,0.00,0.00,0.00,0.00,0.73,0.00,"c63TenneT150Geervl_genInternalElectricity:c64TenneT150Geervl_genInternalElectricity","TenneT150Geervl_genTenneT150Geervl_lineInternalElectricity","UNDEF",,,,0,0,0,0,0,0,"150kVbayTenneT_gen","150kV_station"
"Per","TenneT150Geervl_line","TenneT150Geervl_line","existing","UNDEF","UNDEF","UNDEF","UNDEF","UNDEF","UNDEF",78852.73,431080.925,"150kVbayTenneT_line","TenneT","Electricity","400",1.00,0.00,0.00,0.00,0.00,0.00,0.73,0.00,"TenneT150Geervl_genTenneT150Geervl_lineInternalElectricity","150kVgrid10","UNDEF",,,,0,0,0,0,0,0,"150kVbayTenneT_line","150kV_station"
"Eur_A","TenneT150Eur_cust","TenneT150Eur_cust","existing","UNDEF","UNDEF","UNDEF","UNDEF","UNDEF","UNDEF",,,"150kVbayTenneT_cust","TenneT","Electricity","300",1.00,0.00,0.00,0.00,0.00,0.00,0.73,0.00,"TenneT150Eur_lineTenneT150Eur_custInternalElectricity","TenneT150Eur_custd4InternalElectricity","UNDEF",,,,0,0,0,0,0,0,"150kVbayTenneT_cust","150kV_station"
"Bot_A","TenneT150Botl_cust","TenneT150Botl_cust","existing","UNDEF","UNDEF","UNDEF","UNDEF","UNDEF","UNDEF",,,"150kVbayTenneT_cust","TenneT","Electricity","900",1.00,0.00,0.00,0.00,0.00,0.00,0.73,0.00,"TenneT150Botl_genTenneT150Botl_custInternalElectricity:TenneT150Botl_lineTenneT150Botl_custInternalElectricity","TenneT150Botl_custd24InternalElectricity:TenneT150Botl_custd25InternalElectricity:TenneT150Botl_custd26InternalElectricity","UNDEF",,,,0,0,0,0,0,0,"150kVbayTenneT_cust","150kV_station"
"market","Coalsupply","Coalsupply","existing","UNDEF","UNDEF","UNDEF","UNDEF","UNDEF","UNDEF",,,"Coalsupply","UNDEF","Coal","4130",0,0,0,0,0,0,"0.62",94.60,"NULL","Coalsupplyc3InternalCoal:Coalsupplyc6InternalCoal","UNDEF",,,,1,0,0,0,0,0,,
"market","Refgassupply","Refgassupply","existing","UNDEF","UNDEF","UNDEF","UNDEF","UNDEF","UNDEF",,,"Refgassupply","UNDEF","Refgas","4020",0,0,0,0,0,0,0.7,67.00,"NULL","Refgassupplyc8InternalRefgas:Refgassupplyc11InternalRefgas:Refgassupplyc18InternalRefgas:Refgassupplyc21InternalRefgas:Refgassupplyc49InternalRefgas:Refgassupplyc50InternalRefgas:Refgassupplyc51InternalRefgas:Refgassupplyc52InternalRefgas:Refgassupplyc63InternalRefgas:Refgassupplyc67InternalRefgas:Refgassupplyc70InternalRefgas:Refgassupplyc73InternalRefgas","UNDEF",,,,0,1,0,0,0,0,,
"BritNed","SupplyBritNedTenneT","S4","existing","UNDEF","UNDEF","UNDEF","UNDEF","UNDEF","UNDEF",,,"BritNed","UNDEF","Electricity","1000",1.00,0.00,0.00,0.00,0.00,0.00,0.73,0.00,"NULL","S4TenneT380MV_line","UNDEF",,,,0,0,0,0,0,0,,
"market","Petcokessupply","Petcokessupply","existing","UNDEF","UNDEF","UNDEF","UNDEF","UNDEF","UNDEF",,,"Petcokessupply","UNDEF","Petcokes","768",0,0,0,0,0,0,0.7,97.50,"NULL","Petcokessupplyc9InternalPetcokes:Petcokessupplyc12InternalPetcokes:Petcokessupplyc19InternalPetcokes:Petcokessupplyc22InternalPetcokes:Petcokessupplyc64InternalPetcokes:Petcokessupplyc68InternalPetcokes:Petcokessupplyc71InternalPetcokes:Petcokessupplyc74InternalPetcokes","UNDEF",,,,0,0,1,0,0,0,,
"market","Resfuelsupply","Resfuelsupply","existing","UNDEF","UNDEF","UNDEF","UNDEF","UNDEF","UNDEF",,,"Resfuelsupply","UNDEF","Resfuel","99",0,0,0,0,0,0,0.91,77.40,"NULL","Resfuelsupplyc40InternalResfuel:Resfuelsupplyc41InternalResfuel:Resfuelsupplyc55InternalResfuel","UNDEF",,,,0,0,0,1,0,0,,
"market","Wastesupply","Wastesupply","existing","UNDEF","UNDEF","UNDEF","UNDEF","UNDEF","UNDEF",,,"Wastesupply","UNDEF","Waste","521",0,0,0,0,0,0,0.91,105.30,"NULL","Wastesupplyc38InternalWaste","UNDEF",,,,0,0,0,0,0,1,,
"market","Oilrestsupply","Oilrestsupply","existing","UNDEF","UNDEF","UNDEF","UNDEF","UNDEF","UNDEF",,,"Oilrestsupply","UNDEF","Oilrest","783",0,0,0,0,0,0,0.8,77.40,"NULL","Oilrestsupplyc65InternalOilrest","UNDEF",,,,0,0,0,0,1,0,,
"marketRestNL","SupplyelectricityrestNL","S5","existing","UNDEF","UNDEF","UNDEF","UNDEF","UNDEF","UNDEF",,,"ElectricitysupplyrestNL","UNDEF","Electricity","1000",1.00,0.00,0.00,0.00,0.00,0.00,0.73,0.00,"NULL","S5TenneT380restNL_line","UNDEF",,,,0,0,0,0,0,0,,
"market","Natgassupply","Natgassupply","existing","UNDEF","UNDEF","UNDEF","UNDEF","UNDEF","UNDEF",,,"Natgassupply","UNDEF","Natgas","7850",0,0.00,0.00,0.00,0.00,1.00,0.91,56.6,"NULL","NatgassupplyGTS1eInternalGas","UNDEF",,,,0,0,0,0,0,0,,
"market","Ltheatdemandmarket","D44","existing","UNDEF","UNDEF","UNDEF","UNDEF","UNDEF","UNDEF",,,"Ltheatmarket","UNDEF","Ltheat","224",0,0,0,1,0,0,0.91,0,"c38d44InternalLtheat","NULL","UNDEF",,,,0,0,0,0,0,0,,
"Geervl_B","BaseloaddemandTenneTGeervl","D45","existing","UNDEF","2020:2050","UNDEF","UNDEF","UNDEF","UNDEF",,,"BaseloaddemandTenneTGeervl","UNDEF","Electricity","300",1.00,0.00,0.00,0.00,0.00,0.00,0.91,0.00,"TenneT150Geervl_custd45InternalElectricity","NULL","UNDEF",,,,,,,,,,,
"Waalh_B","BaseloaddemandTenneTWaalh","D46","existing","UNDEF","2020:2050","UNDEF","UNDEF","UNDEF","UNDEF",,,"BaseloaddemandTenneTWaalh","UNDEF","Electricity","600",1.00,0.00,0.00,0.00,0.00,0.00,0.91,0.00,"TenneT150Waalh_custd46InternalElectricity","NULL","UNDEF",,,,,,,,,,,
"MV_B","TenneT380MV_cust","TenneT380MV_cust","existing","UNDEF","UNDEF","UNDEF","UNDEF","UNDEF","UNDEF",61165.787,441708.919,"380kVbayTenneT_cust","TenneT","Electricity","0",1.00,0.00,0.00,0.00,0.00,0.00,0.73,0.00,,"NULL","UNDEF",,,,,,,,,,,
"Per","TenneT380Simonsh_cust","TenneT380Simonsh_cust","existing","UNDEF","UNDEF","UNDEF","UNDEF","UNDEF","UNDEF",77963.696,428255.274,"380kVbayTenneT_cust","TenneT","Electricity","0",1.00,0.00,0.00,0.00,0.00,0.00,0.73,0.00,,"NULL","UNDEF",,,,,,,,,,,
"Per","TenneT150Geervl_cust","TenneT150Geervl_cust","existing","UNDEF","UNDEF","UNDEF","UNDEF","UNDEF","UNDEF",78852.73,431080.925,"150kVbayTenneT_cust","TenneT","Electricity","300",1.00,0.00,0.00,0.00,0.00,0.00,0.73,0.00,"TenneT150Geervl_lineTenneT150Geervl_custInternalElectricity","TenneT150Geervl_custd45InternalElectricity","UNDEF",,,,,,,,,,,
"Per","TenneT150Waalh_cust","TenneT150Waalh_cust","existing","UNDEF","UNDEF","UNDEF","UNDEF","UNDEF","UNDEF",88555.517,433423.029,"150kVbayTenneT_cust","TenneT","Electricity","300",1.00,0.00,0.00,0.00,0.00,0.00,0.73,0.00,"TenneT150Waalh_lineTenneT150Waalh_custInternalElectricity","TenneT150Waalh_custd46InternalElectricity","UNDEF",,,,,,,,,,,
"Bot_A","BaseloaddemandBotA_MerseyHuntsman","D47","existing","UNDEF","2020:2050","UNDEF","UNDEF","UNDEF","UNDEF",,,"BaseloaddemandStedin","Stedin","Electricity","200",1.00,0.00,0.00,0.00,0.00,0.00,0.91,0.00,"BotA_MerseyHuntsmand47InternalElectricity","NULL","UNDEF",,,,,,,,,,,
